,Artist
0,Gorillaz
1,Red Hot Chili Peppers
2,50 Cent
3,Metallica
4,Coldplay
5,Daft Punk
6,Linkin Park
7,Radiohead
8,AC/DC
9,Black Eyed Peas
10,Michael Jackson
11,P!nk
12,Eminem
13,Pharrell Williams
14,Khalid
15,Shakira
16,Machine Gun Kelly
17,Nicky Jam
18,The Beatles
19,Pitbull
20,Sean Paul
21,Elvis Presley
22,2Pac
23,Snoop Dogg
24,Lil Wayne
25,Sia
26,Fleetwood Mac
27,ABBA
28,Frank Sinatra
29,Tiësto
30,Elton John
31,JAY-Z
32,21 Savage
33,Kanye West
34,Luis Miguel
35,Beyoncé
36,Daddy Yankee
37,Don Toliver
38,Camilo
39,Britney Spears
40,Farruko
41,Wisin & Yandel
42,Disney
43,Chris Brown
44,Tory Lanez
45,Mariah Carey
46,A.R. Rahman
47,Die drei ???
48,Pritam
49,Shreya Ghoshal
50,Pink Floyd
51,System Of A Down
52,Green Day
53,Ludovico Einaudi
54,Muse
55,Aerosmith
56,Slipknot
57,Oasis
58,The Rolling Stones
59,Hans Zimmer
60,Deftones
61,blink-182
62,Bob Marley & The Wailers
63,David Bowie
64,Bon Jovi
65,Dr. Dre
66,Creedence Clearwater Revival
67,U2
68,Nate Dogg
69,Juanes
70,Maná
71,Bee Gees
72,Billy Joel
73,The Notorious B.I.G.
74,Enrique Iglesias
75,Timbaland
76,Alejandro Sanz
77,Whitney Houston
78,Madonna
79,Alicia Keys
80,John Mayer
81,Christina Aguilera
82,Marc Anthony
83,Ricardo Arjona
84,Stevie Wonder
85,Ludacris
86,Plan B
87,Aventura
88,Usher
89,Vicente Fernández
90,Alejandro Fernández
91,T-Pain
92,Johann Sebastian Bach
93,Jhené Aiko
94,Alka Yagnik
95,Udit Narayan
96,Vishal-Shekhar
97,Bibi und Tina
98,Yuvan Shankar Raja
99,Bibi Blocksberg
100,Pearl Jam
101,The Offspring
102,Johnny Cash
103,Eagles
104,Korn
105,MGMT
106,MF DOOM
107,The Cure
108,Jack Johnson
109,Outkast
110,Ice Cube
111,Phil Collins
112,John Williams
113,Soda Stereo
114,Nas
115,Luis Fonsi
116,Backstreet Boys
117,Los Ángeles Azules
118,Zedd
119,Nat King Cole
120,Armin van Buuren
121,Juicy J
122,Julieta Venegas
123,Bruce Springsteen
124,Wham!
125,José José
126,Los Tigres Del Norte
127,Bryan Adams
128,Dean Martin
129,Nelly Furtado
130,Ricky Martin
131,Jennifer Lopez
132,Sido
133,Wolfgang Amadeus Mozart
134,Juan Gabriel
135,Nelly
136,Frédéric Chopin
137,Marco Antonio Solís
138,Céline Dion
139,Alesso
140,Joan Sebastian
141,Bing Crosby
142,S. P. Balasubrahmanyam
143,Sonu Nigam
144,Lata Mangeshkar
145,La Arrolladora Banda El Limón De Rene Camacho
146,KK
147,Anahí
148,Shankar Mahadevan
149,Kumar Sanu
150,Iron Maiden
151,Black Sabbath
152,thasup
153,Limp Bizkit
154,John Lennon
155,Disturbed
156,The Doors
157,R.E.M.
158,Scorpions
159,Norah Jones
160,The Smashing Pumpkins
161,Skillet
162,"Earth, Wind & Fire"
163,Weezer
164,Sabaton
165,Train
166,Rod Stewart
167,Tears For Fears
168,TOTO
169,Shaggy
170,Charlie Brown Jr.
171,La Oreja de Van Gogh
172,London Symphony Orchestra
173,Marvin Gaye
174,George Michael
175,Gwen Stefani
176,The Game
177,The Beach Boys
178,Journey
179,Dolly Parton
180,Gabry Ponte
181,SCH
182,Ludwig van Beethoven
183,Jay Chou
184,Diddy
185,Baby Rasta
186,Shania Twain
187,Hillsong Worship
188,George Strait
189,Berliner Philharmoniker
190,Rahat Fateh Ali Khan
191,Kishore Kumar
192,Shekhar Ravjiani
193,Los Tucanes De Tijuana
194,Intocable
195,Los Temerarios
196,K. S. Chithra
197,TKKG
198,Sunidhi Chauhan
199,Benjamin Blümchen
200,Rage Against The Machine
201,The White Stripes
202,Lynyrd Skynyrd
203,Dido
204,Eric Clapton
205,Bob Dylan
206,Bill Withers
207,Louis Armstrong
208,Enya
209,Papa Roach
210,Ozzy Osbourne
211,a-ha
212,Mötley Crüe
213,Alice In Chains
214,Ella Fitzgerald
215,Sade
216,Wyclef Jean
217,Antonio Vivaldi
218,Simon & Garfunkel
219,Robbie Williams
220,Patrick Watson
221,Busta Rhymes
222,Paul McCartney
223,Los Enanitos Verdes
224,Hombres G
225,Sufjan Stevens
226,Prince
227,Boney M.
228,Willie Nelson
229,Van Morrison
230,Ms. Lauryn Hill
231,Lil Jon
232,Chayanne
233,Alan Jackson
234,Destiny's Child
235,Bronco
236,Ana Gabriel
237,Brenda Lee
238,Ashanti
239,Andy Williams
240,Jesús Adrián Romero
241,Bruno & Marrone
242,Method Man
243,Sezen Aksu
244,G. V. Prakash
245,Banda El Recodo
246,Devi Sri Prasad
247,Hariharan
248,Karthik
249,Harris Jayaraj
250,3 Doors Down
251,The Black Keys
252,Marilyn Manson
253,Santana
254,Electric Light Orchestra
255,Jimi Hendrix
256,Sum 41
257,Coolio
258,Megadeth
259,The Clash
260,Otis Redding
261,Sting
262,Dimitri Vegas & Like Mike
263,Gustavo Cerati
264,DMX
265,Tech N9ne
266,The Jackson 5
267,Aretha Franklin
268,Cyndi Lauper
269,Andrés Calamaro
270,Mary J. Blige
271,Andrea Bocelli
272,Lionel Richie
273,José Feliciano
274,Duster
275,Sin Bandera
276,Pyotr Ilyich Tchaikovsky
277,Hillsong UNITED
278,Laura Pausini
279,Westlife
280,Kylie Minogue
281,Missy Elliott
282,Cristian Castro
283,Claude Debussy
284,Roberto Carlos
285,Hikaru Utada
286,Tim McGraw
287,The Alchemist
288,Kenny Chesney
289,Pepe Aguilar
290,Thalia
291,Rocío Dúrcal
292,Selena
293,R. D. Burman
294,Guru Randhawa
295,Conjunto Primavera
296,Jenni Rivera
297,Javed Ali
298,Amaal Mallik
299,Chinmayi
300,Years & Years
301,Lenny Kravitz
302,Moby
303,Queens of the Stone Age
304,Blur
305,Yusuf / Cat Stevens
306,Gustavo Santaolalla
307,Pantera
308,Tracy Chapman
309,Kidz Bop Kids
310,Blondie
311,Bunbury
312,John Denver
313,E-40
314,Julio Iglesias
315,Willie Colón
316,Babasónicos
317,Caifanes
318,Grupo Niche
319,Kenny Rogers
320,Miguel Bosé
321,Eros Ramazzotti
322,Ñejo
323,Franco De Vita
324,Olivia Newton-John
325,Carpenters
326,Leo Dan
327,Project Pat
328,Royal Philharmonic Orchestra
329,Fergie
330,Ja Rule
331,Péricles
332,Gilberto Santa Rosa
333,Jamie Foxx
334,Ricardo Montaner
335,Ciara
336,Raekwon
337,L.V.
338,Rascal Flatts
339,Valentín Elizalde
340,Asha Bhosle
341,Antonio Aguilar
342,Los Cadetes De Linares
343,Madlib
344,Chalino Sanchez
345,Grupo Bryndis
346,Los Invasores De Nuevo León
347,S. Janaki
348,K. J. Yesudas
349,Shankar-Ehsaan-Loy
350,The Mamas & The Papas
351,Genesis
352,Cypress Hill
353,Wu-Tang Clan
354,The Who
355,Café Tacvba
356,Incubus
357,Gigi D'Agostino
358,Eurythmics
359,Mägo de Oz
360,Snow Patrol
361,Chuck Berry
362,Nina Simone
363,Bob Sinclar
364,Joe Hisaishi
365,Counting Crows
366,Sam Cooke
367,UB40
368,Duran Duran
369,Etta James
370,Tom Petty
371,Los Auténticos Decadentes
372,The Doobie Brothers
373,Yo-Yo Ma
374,Air Supply
375,Paul Simon
376,Tina Turner
377,Bootsy Collins
378,Spice Girls
379,Neil Diamond
380,*NSYNC
381,Joaquín Sabina
382,INNA
383,Kenny Loggins
384,James Taylor
385,Cher
386,TLC
387,Grupo Revelação
388,Wiener Philharmoniker
389,Toby Keith
390,Herbert von Karajan
391,Emmanuel
392,Perry Como
393,Mohammed Rafi
394,Ol' Dirty Bastard
395,Sukhwinder Singh
396,Burl Ives
397,Fünf Freunde
398,Shaan
399,Sadhana Sargam
400,Ray Charles
401,Deep Purple
402,Judas Priest
403,No Doubt
404,Jarabe De Palo
405,Kool & The Gang
406,Erik Satie
407,Mobb Deep
408,Creed
409,Los Fabulosos Cadillacs
410,TheFatRat
411,A Tribe Called Quest
412,Hardwell
413,Erykah Badu
414,Don Diablo
415,Pet Shop Boys
416,Modern Talking
417,Godsmack
418,George Harrison
419,Caetano Veloso
420,Skank
421,Waylon Jennings
422,Tony Bennett
423,Steely Dan
424,Fat Joe
425,Aaliyah
426,Riton
427,Eason Chan
428,Keyshia Cole
429,Johannes Brahms
430,Academy of St. Martin in the Fields
431,Paulina Rubio
432,Ghostface Killah
433,Tom Petty and the Heartbreakers
434,Yo Gotti
435,Pradeep Kumar
436,Eve
437,Marisela
438,Alejandra Guzman
439,Zezé Di Camargo & Luciano
440,Mijares
441,Silambarasan TR
442,Sujatha
443,R. Kelly
444,Los Inquietos Del Norte
445,Anuradha Paudwal
446,Abhijeet
447,Sheila On 7
448,Kavita Krishnamurthy
449,Jatin-Lalit
450,Jamiroquai
451,El Cuarteto De Nos
452,Placebo
453,Tom Morello
454,Nine Inch Nails
455,Patricio Rey y sus Redonditos de Ricota
456,Will Smith
457,PXNDX
458,Heroes Del Silencio
459,Bonnie Tyler
460,Sir Simon Rattle
461,Boyz II Men
462,Antônio Carlos Jobim
463,Boston
464,Kid Rock
465,The All-American Rejects
466,Dybbukk
467,Kansas
468,Mecano
469,The Temptations
470,Heart
471,Prezioso
472,Sheryl Crow
473,Bone Thugs-N-Harmony
474,Matchbox Twenty
475,kevoxx
476,Eddie Santiago
477,Diana Ross
478,Xzibit
479,Howard Shore
480,Fabolous
481,Arizona Zervas
482,Tarkan
483,Darius Rucker
484,Müslüm Gürses
485,Frankie Ruiz
486,Ivete Sangalo
487,The Wiggles
488,The Chicks
489,Yuri
490,Mika Singh
491,Binomio de Oro de América
492,Dwele
493,Himesh Reshammiya
494,Chris Tomlin
495,Pancho Barraza
496,George Frideric Handel
497,Pesado
498,Traditional
499,Grupo Laberinto
500,Ennio Morricone
501,Seu Jorge
502,Leonard Cohen
503,Fugees
504,Good Charlotte
505,Motörhead
506,Nightwish
507,Jorge Drexler
508,Grateful Dead
509,Eazy-E
510,Roy Orbison
511,Stevie Nicks
512,The Cramps
513,Daniel Hope
514,Crowded House
515,Sir Neville Marriner
516,Sir Arthur Conan Doyle
517,In Flames
518,Scooter
519,Gloria Estefan
520,Richard Marx
521,Djavan
522,DJ Premier
523,Chris Rea
524,D12
525,Los Palmeras
526,Ginuwine
527,Raça Negra
528,José Luis Perales
529,Janet Jackson
530,Twista
531,Alonzo
532,Teoman
533,Jerry Rivera
534,Too $hort
535,La Sonora Dinamita
536,Robert Schumann
537,James Horner
538,Chitãozinho & Xororó
539,Playero
540,José Alfredo Jimenez
541,Camille Saint-Saëns
542,Tammi Terrell
543,Ati242
544,Los Angeles De Charly
545,Los Dareyes De La Sierra
546,Los Acosta
547,Inspectah Deck
548,Naresh Iyer
549,Roop Kumar Rathod
550,Gipsy Kings
551,John Coltrane
552,Iggy Pop
553,Barry White
554,Phoenix
555,Thousand Foot Krutch
556,Beck
557,Jim Croce
558,Bonobo
559,Billie Holiday
560,Smash Mouth
561,Al Green
562,Joe Cocker
563,The Outfield
564,La Mosca Tse-Tse
565,Men At Work
566,Kenny Dope
567,mor ve ötesi
568,Celia Cruz
569,Charly García
570,Craig David
571,Fito Paez
572,John Mellencamp
573,Elvis Crespo
574,Lil' Kim
575,TobyMac
576,Zeca Pagodinho
577,Jadakiss
578,London Philharmonic Orchestra
579,RZA
580,Brad Paisley
581,"Hank Williams, Jr."
582,Jóhann Jóhannsson
583,112
584,Nusrat Fateh Ali Khan
585,Brandy
586,Leo Mattioli
587,Marisa Monte
588,Udo Lindenberg
589,Mandy Moore
590,Santiago Ziesmer
591,Belo
592,Outlawz
593,Dewa 19
594,Mase
595,Banda Cuisillos
596,Leon James
597,Los Yonic's
598,Banda Pequeños Musical
599,Ilaiyaraaja
600,Joy Division
601,J.J. Cale
602,Gojira
603,Commodores
604,Chet Baker
605,Mos Def
606,Modest Mouse
607,Lamb of God
608,Death Cab for Cutie
609,Billy Ray Cyrus
610,Los Panchos
611,CeeLo Green
612,Dusty Springfield
613,Pretenders
614,Elliott Smith
615,Peter Gabriel
616,Insane Clown Posse
617,REO Speedwagon
618,Europe
619,Whitesnake
620,Gilberto Gil
621,Vasco Rossi
622,Héctor Lavoe
623,Kingpin Skinny Pimp
624,Silvio Rodríguez
625,Andrés Cepeda
626,Franz Schubert
627,La Ley
628,Barbra Streisand
629,Donna Summer
630,Edvard Grieg
631,Diego Torres
632,Zé Ramalho
633,Luciano Pereyra
634,Faith Evans
635,Lulu Santos
636,Shakin' Stevens
637,Jota Quest
638,Víctor Manuelle
639,Javier Solís
640,Vedo
641,Exaltasamba
642,Faith Hill
643,Mr.Children
644,Redman
645,Los Rehenes
646,LX
647,Joe
648,Ebru Gündeş
649,Vijay Yesudas
650,The Velvet Underground
651,The Cinematic Orchestra
652,Cultura Profética
653,Staind
654,"Grover Washington, Jr."
655,Stan Getz
656,Dave Matthews Band
657,Alphaville
658,Lifehouse
659,BUMP OF CHICKEN
660,Martin Solveig
661,El Canto Del Loco
662,Alice Cooper
663,Meat Loaf
664,Savage Garden
665,ATB
666,Alexandre Desplat
667,Kris Kristofferson
668,Gavin Greenaway
669,Lisa Gerrard
670,Danny Elfman
671,Los Pericos
672,George Benson
673,Kenny G
674,Carly Simon
675,Böhse Onkelz
676,Stephen Cleobury
677,DENNIS
678,Antonio Orozco
679,Three 6 Mafia
680,Sergei Rachmaninoff
681,Engenheiros Do Hawaii
682,Luther Vandross
683,Cocteau Twins
684,Laxmikant–Pyarelal
685,Mark Morrison
686,Randy Travis
687,Daniel Barenboim
688,Travis Tritt
689,Lilly Goodman
690,Marcos Witt
691,Niro
692,Mi Banda El Mexicano
693,ARASHI
694,Banda Machos
695,Salim–Sulaiman
696,Harish Raghavendra
697,Glenn Fredly
698,Sertab Erener
699,Ramon Ayala Y Sus Bravos Del Norte
700,Ace of Base
701,Tom Jones
702,Michael Bolton
703,James Brown
704,João Gilberto
705,Soft Cell
706,KC & The Sunshine Band
707,Jorge Ben Jor
708,Blue Öyster Cult
709,Björk
710,Don McLean
711,Gloria Gaynor
712,Blackstreet
713,Claudio Abbado
714,Charles Aznavour
715,Os Paralamas Do Sucesso
716,Vilma Palma e Vampiros
717,Mœnia
718,Thomas Newman
719,Luciano Pavarotti
720,Alceu Valença
721,Third Eye Blind
722,John Powell
723,Armand Van Helden
724,Rafaga
725,Don Henley
726,D.O.D
727,Toni Braxton
728,Warren G
729,Capital Inicial
730,Kalash
731,Marta Sánchez
732,La Sonora Santanera
733,Grupo 5
734,Kendo Kaponi
735,Shenseea
736,Diomedes Diaz
737,Bombay Jayashri
738,Gene Autry
739,Divya Kumar
740,Dino James
741,Grupo Yndio
742,Rionegro & Solimões
743,Mano
744,Leonardo
745,Saindhavi
746,Swarnalatha
747,Roger
748,Ananya Bhat
749,Serdar Ortaç
750,Janis Joplin
751,Fatboy Slim
752,Cream
753,Dropkick Murphys
754,Stevie Ray Vaughan
755,Eiffel 65
756,Take That
757,Mindless Self Indulgence
758,Thin Lizzy
759,Jovanotti
760,Four Tops
761,Julio Jaramillo
762,Los Cafres
763,Rubén Blades
764,Vengaboys
765,Killswitch Engage
766,Christopher Cross
767,James Newton Howard
768,Die Ärzte
769,Poison
770,Franz Liszt
771,Soprano
772,Sarah McLachlan
773,Allman Brothers Band
774,El Barrio
775,Natalie Cole
776,Ronan Keating
777,Jackson Browne
778,Kelis
779,Fiona Apple
780,Cássia Eller
781,Philharmonia Orchestra
782,Kirk Franklin
783,Hector & Tito
784,The Lyndhurst Orchestra
785,The Pointer Sisters
786,Gala
787,Ying Yang Twins
788,Mayday
789,The Supremes
790,Kool Savas
791,Vince Gill
792,GZA
793,Pezet
794,Mahalakshmi Iyer
795,M. M. Keeravani
796,Harini
797,Aline Barros
798,Rolf Zuckowski
799,South Park Mexican
800,Rammstein
801,Queen
802,Justin Timberlake
803,Fall Out Boy
804,David Guetta
805,Akon
806,Don Omar
807,Miguel
808,TWICE
809,Logic
810,Nickelback
811,RM
812,Kelly Clarkson
813,Badshah
814,Depeche Mode
815,The Strokes
816,T.I.
817,The Police
818,Juan Luis Guerra 4.40
819,BONES
820,Carlos Vives
821,Christopher von Uckermann
822,Los Bukis
823,KISS
824,Avenged Sevenfold
825,will.i.am
826,Zoé
827,Daryl Hall & John Oates
828,Kate Bush
829,Pusha T
830,Blake Shelton
831,DJ Nelson
832,The Cranberries
833,Pixies
834,Almighty
835,Jelly Roll
836,Germ
837,Manu Chao
838,M83
839,Rise Against
840,INXS
841,Travis Barker
842,Nile Rodgers
843,Roxette
844,Annie Lennox
845,Oliver Heldens
846,Tego Calderón
847,David Bisbal
848,Booba
849,Gloria Trevi
850,Keith Urban
851,Xavier Wulf
852,Dhanush
853,ZZ Top
854,TOOL
855,Billy Idol
856,Natiruts
857,Estopa
858,Belinda
859,Brooks & Dunn
860,Cardenales De Nuevo León
861,Bobby Helms
862,Beastie Boys
863,Chicago
864,Legião Urbana
865,Abel Pintos
866,Tchakabum
867,LP
868,LMFAO
869,America
870,The National
871,I Virtuosi Italiani
872,Slayer
873,Kaskade
874,Jimmy Eat World
875,Manuel Carrasco
876,Banda Los Recoditos
877,Ramones
878,Rob Zombie
879,Benny Benassi
880,Stone Temple Pilots
881,New Order
882,Simple Minds
883,Damas Gratis
884,Elefante
885,Bacilos
886,Camilo Sesto
887,Youjeen
888,Bread
889,Mario
890,Kelly Rowland
891,Eraserheads
892,Vijay Prakash
893,Damian Marley
894,Hoobastank
895,PSY
896,SEGA SOUND TEAM
897,Jimmy Buffett
898,Vanesa Martín
899,Jeet Gannguli
900,Molotov
901,O Rappa
902,Fito y Fitipaldis
903,The Kinks
904,Aphex Twin
905,Yiruma
906,Tiziano Ferro
907,Nando Reis
908,Fernandinho
909,Ana Bárbara
910,Yoko Ono
911,Diego Verdaguer
912,Darlene Love
913,Ben E. King
914,Rick Astley
915,Diana Krall
916,Los Prisioneros
917,Majestic
918,Raffi
919,Miel San Marcos
920,Ajay-Atul
921,Ahmet Kaya
922,Los Amables Del Norte
923,The Kiboomers
924,Liberación
925,Massive Attack
926,Yann Tiersen
927,Wings
928,Lang Lang
929,Joan Jett & the Blackhearts
930,Alex Ubago
931,Ivy Queen
932,La Factoria
933,Aleks Syntek
934,Cedric Gervais
935,Olivia
936,Ocean Sounds
937,Ocean Waves For Sleep
938,Akhil
939,Misfits
940,Seal
941,Huey Lewis & The News
942,I Monster
943,Sub Focus
944,Jeff Beck
945,Chevelle
946,Vybz Kartel
947,Steve Edwards
948,Timbiriche
949,Alabama
950,Milionário & José Rico
951,Stereophonics
952,Nick Cave & The Bad Seeds
953,Los Bunkers
954,surrenderdorothy
955,Cassie
956,Yovie & Nuno
957,Nirvana
958,Maroon 5
959,Romeo Santos
960,Michael Bublé
961,Yandel
962,Gusttavo Lima
963,Grupo Marca Registrada
964,Foo Fighters
965,My Chemical Romance
966,Cartel De Santa
967,Rick Ross
968,Zion & Lennox
969,DJ Khaled
970,Megan Thee Stallion
971,Yuridia
972,Luciano
973,Avril Lavigne
974,PNAU
975,Wisin
976,2 Chainz
977,Natalia Lafourcade
978,B.o.B
979,Max Richter
980,Jason Mraz
981,Afrojack
982,Danna Paola
983,Mohit Chauhan
984,Diljit Dosanjh
985,Van Halen
986,Sorriso Maroto
987,Tulsi Kumar
988,The Goo Goo Dolls
989,Breaking Benjamin
990,Dina Rae
991,Duelo
992,Sublime
993,Miranda!
994,Def Leppard
995,Haricharan
996,Audioslave
997,Seether
998,Simple Plan
999,Dave Stewart
1000,"Tito ""El Bambino"""
1001,Gibbs
1002,No Te Va Gustar
1003,Alanis Morissette
1004,Adolescent's Orquesta
1005,Duman
1006,Racionais MC's
1007,Thirty Seconds To Mars
1008,Nko
1009,Summer Cem
1010,Rekha Bhardwaj
1011,Ice Nine Kills
1012,John Travolta
1013,Pixote
1014,Los Caminantes
1015,Meet Bros.
1016,Yeah Yeah Yeahs
1017,N.W.A.
1018,The Cars
1019,Rush
1020,Jeremy Soule
1021,Silvestre Dangond
1022,Grey
1023,Los Huracanes del Norte
1024,Panteon Rococo
1025,La Quinta Estacion
1026,Nick Jonas
1027,Curren$y
1028,Little Big Town
1029,Parokya Ni Edgar
1030,The Prodigy
1031,Fabri Fibra
1032,Chris Isaak
1033,Interpol
1034,Angel Y Khriz
1035,Inspector
1036,Alexis y Fido
1037,MK
1038,Boosie Badazz
1039,Meryl Streep
1040,"Héctor ""El Father"""
1041,Stone Sour
1042,Carlos Baute
1043,Chris Lake
1044,Descemer Bueno
1045,Ruger
1046,Shafqat Amanat Ali
1047,Simone & Simaria
1048,Harshdeep Kaur
1049,Redimi2
1050,t.A.T.u.
1051,Plain White T's
1052,First Aid Kit
1053,Robin Thicke
1054,Theory of a Deadman
1055,Los Caligaris
1056,Juelz Santana
1057,Bushido
1058,Raí Saia Rodada
1059,"Sergio Vega ""El Shaka"""
1060,Gunna
1061,Arijit Singh
1062,Led Zeppelin
1063,John Legend
1064,The Killers
1065,Diplo
1066,Reik
1067,Amy Winehouse
1068,Dire Straits
1069,Three Days Grace
1070,Mark Ronson
1071,Alfonso Herrera
1072,La K'onga
1073,YG
1074,Dulce María
1075,Vishal Dadlani
1076,Christian Chávez
1077,Kings of Leon
1078,Thundercat
1079,Pentatonix
1080,Ha*Ash
1081,Tony Dize
1082,Zion
1083,Keane
1084,Melendi
1085,Kany García
1086,Carrie Underwood
1087,Evanescence
1088,Idina Menzel
1089,Miranda Lambert
1090,Turma do Pagode
1091,Shinedown
1092,Jeezy
1093,Sleeping At Last
1094,Talking Heads
1095,Supertramp
1096,The Fray
1097,Soulja Boy
1098,Dierks Bentley
1099,Benny Dayal
1100,Kyla
1101,Cherish
1102,Franz Ferdinand
1103,Gotye
1104,Christian Rode
1105,Sagopa Kajmer
1106,Vince Guaraldi Trio
1107,Willy William
1108,Bob Seger
1109,Simply Red
1110,Gregory Alan Isakov
1111,Freshlyground
1112,Hugh Jackman
1113,Eduardo Costa
1114,Aloe Blacc
1115,Lupe Fiasco
1116,Tribo da Periferia
1117,Jay Sean
1118,Madvillain
1119,Arcade Fire
1120,Michael Giacchino
1121,JJ Lin
1122,Belanova
1123,Kailash Kher
1124,Randy
1125,Phil Wickham
1126,Kavita Seth
1127,Claptone
1128,José González
1129,Billy Talent
1130,Aaron Smith
1131,Lamp
1132,Vicentico
1133,Billy Currington
1134,Casting Crowns
1135,Nightcrawlers
1136,Josh Turner
1137,Daughtry
1138,Tommee Profitt
1139,Maelo Ruiz
1140,The Animals
1141,Benny Sings
1142,Eric Prydz
1143,WWE
1144,Guns N' Roses
1145,Ñengo Flow
1146,Young Thug
1147,Bring Me The Horizon
1148,Flo Rida
1149,Guè
1150,Gucci Mane
1151,Wizkid
1152,RBD
1153,Maite Perroni
1154,RAF Camora
1155,Sachin-Jigar
1156,Jowell & Randy
1157,Shilpa Rao
1158,Maren Morris
1159,11:11 Music Group
1160,creamy
1161,Trey Songz
1162,Gemitaiz
1163,James Blunt
1164,The Pussycat Dolls
1165,Gurlez Akhtar
1166,Calle 13
1167,Ramin Djawadi
1168,Lady A
1169,Davido
1170,Bullet For My Valentine
1171,Juan Magán
1172,Keri Hilson
1173,J Alvarez
1174,Thomas Karallus
1175,Palak Muchhal
1176,M.I.A.
1177,Survivor
1178,Ratatat
1179,Sara Bareilles
1180,Fuego
1181,Bas
1182,The Verve
1183,Mazzy Star
1184,Cascada
1185,Lloyd
1186,Lecrae
1187,Steve Miller Band
1188,SDP
1189,Alex Zurdo
1190,Marcela Gandara
1191,Natasha Bedingfield
1192,Emis Killa
1193,Starship
1194,Estelle
1195,D.O.E.
1196,Espinoza Paz
1197,Capo
1198,Reyli Barba
1199,Arctic Monkeys
1200,Rihanna
1201,Arcángel
1202,De La Ghetto
1203,Jul
1204,Macklemore
1205,Panic! At The Disco
1206,Paramore
1207,Ne-Yo
1208,Gesaffelstein
1209,Atif Aslam
1210,Steve Aoki
1211,Jason Aldean
1212,Adam Levine
1213,1nonly
1214,Marracash
1215,Dread Mar I
1216,RADWIMPS
1217,Cosculluela
1218,Zac Brown Band
1219,Thiaguinho
1220,Volbeat
1221,Camila
1222,Gente De Zona
1223,A Day To Remember
1224,Wale
1225,Gym Class Heroes
1226,Foreigner
1227,Fonseca
1228,Caralisa Monteiro
1229,deadmau5
1230,Lorenzo
1231,The Ronettes
1232,The Kooks
1233,Cem Adrian
1234,Teufelskicker
1235,Lindsey Stirling
1236,Westside Gunn
1237,Kollegah
1238,Shweta Mohan
1239,Janelle Monáe
1240,Klaas
1241,Yelawolf
1242,Far East Movement
1243,Mc Lipi
1244,Bootie Brown
1245,Luvli
1246,Brandi Carlile
1247,Vierra
1248,Ed Sheeran
1249,Miley Cyrus
1250,Wiz Khalifa
1251,Calvin Harris
1252,Taylor Swift
1253,Future
1254,Anirudh Ravichander
1255,Banda MS de Sergio Lizárraga
1256,The Smiths
1257,French Montana
1258,Tainy
1259,Neha Kakkar
1260,Beach House
1261,Jonas Brothers
1262,Luke Bryan
1263,Amitabh Bhattacharya
1264,Cage The Elephant
1265,Jesse & Joy
1266,Canserbero
1267,Cuco
1268,Passenger
1269,Orelsan
1270,Jon Z
1271,Eric Church
1272,Jay Rock
1273,All Time Low
1274,Mithoon
1275,Taio Cruz
1276,Cali Y El Dandee
1277,La Maquinaria Norteña
1278,Coez
1279,Lily Allen
1280,Freddie Gibbs
1281,Leona Lewis
1282,El Komander
1283,Prashant Katheriya
1284,Paolo Nutini
1285,W&W
1286,Chris Young
1287,Código FN
1288,Neeraj Shridhar
1289,Peter Fox
1290,India Martinez
1291,Nipsey Hussle
1292,MIKA
1293,The Temper Trap
1294,Maneva
1295,Helene Fischer
1296,DJ Drama
1297,Angus & Julia Stone
1298,Bear McCreary
1299,Brooke Ligertwood
1300,The Wombats
1301,BIGBANG
1302,Konshens
1303,Ramirez
1304,J. Cole
1305,J Balvin
1306,Katy Perry
1307,OneRepublic
1308,Tyga
1309,Jorge & Mateus
1310,Jason Derulo
1311,Big Sean
1312,Julión Álvarez y su Norteño Banda
1313,Chris Stapleton
1314,Five Finger Death Punch
1315,Bon Iver
1316,Meek Mill
1317,Armaan Malik
1318,Mother Mother
1319,benny blanco
1320,Carlos Rivera
1321,Gerardo Ortiz
1322,Pierce The Veil
1323,Skepta
1324,TAEYANG
1325,ONE OK ROCK
1326,Kacey Musgraves
1327,Lee Brice
1328,Crystal Castles
1329,Owl City
1330,Motionless In White
1331,Fabrizio Paterlini
1332,Sean Kingston
1333,Lucenzo
1334,Hamza
1335,Lykke Li
1336,Pedro Capó
1337,Mike Perry
1338,Money Man
1339,Colbie Caillat
1340,Zac Efron
1341,María José
1342,TAEYEON
1343,Peter Groeger
1344,Sherlock Holmes
1345,Soundgarden
1346,Flowdan
1347,DJ Alex
1348,Girls' Generation
1349,Sam Smith
1350,Adele
1351,"Tyler, The Creator"
1352,Lady Gaga
1353,Drake
1354,Nicki Minaj
1355,Selena Gomez
1356,Frank Ocean
1357,Ariana Grande
1358,Tame Impala
1359,Avicii
1360,Kid Cudi
1361,Demi Lovato
1362,Skrillex
1363,R3HAB
1364,Bonez MC
1365,Bomba Estéreo
1366,G-Eazy
1367,Kesha
1368,Charli XCX
1369,Major Lazer
1370,Florence + The Machine
1371,Thaman S
1372,Stromae
1373,The Script
1374,Ryan Lewis
1375,Carly Rae Jepsen
1376,Tazzy
1377,Mustard
1378,Amit Trivedi
1379,Elevation Worship
1380,Kontra K
1381,Lin-Manuel Miranda
1382,Bo Burnham
1383,RÜFÜS DU SOL
1384,Alan Gomez
1385,Kizzy
1386,IU
1387,White Noise for Babies
1388,Empire of the Sun
1389,Hollywood Undead
1390,Boyce Avenue
1391,Maldy
1392,Siddhartha
1393,Colby O'Donis
1394,Last Child
1395,Kimbra
1396,Gaab
1397,K.Flay
1398,City Girls
1399,James Blake
1400,Set It Off
1401,accelerate
1402,Brantley Gilbert
1403,Enigma Norteño
1404,Afgan
1405,Jaani
1406,Imagine Dragons
1407,Bruno Mars
1408,Steve Lacy
1409,Playboi Carti
1410,Justin Bieber
1411,Carin Leon
1412,Twenty One Pilots
1413,Alok
1414,Chencho Corleone
1415,Quavo
1416,Ty Dolla $ign
1417,Burna Boy
1418,Ellie Goulding
1419,King
1420,H.E.R.
1421,Swedish House Mafia
1422,Filipe Ret
1423,Die drei !!!
1424,Chief Keef
1425,Luan Santana
1426,Jeremih
1427,MARINA
1428,La Santa Grifa
1429,Kevin Gates
1430,Cody Johnson
1431,SDM
1432,back number
1433,Mumford & Sons
1434,Timmy Trumpet
1435,Yo Yo Honey Singh
1436,Neeti Mohan
1437,Mr.Kitty
1438,Glee Cast
1439,Bradley Cooper
1440,Paloma Faith
1441,Popcaan
1442,Indila
1443,Mike Posner
1444,Clayton & Romário
1445,BK
1446,Jory Boy
1447,Selena Gomez & The Scene
1448,Two Door Cinema Club
1449,Phantogram
1450,Kid Ink
1451,Nakash Aziz
1452,Haftbefehl
1453,Murda
1454,fun.
1455,Mikky Ekko
1456,Maher Zain
1457,Mac Miller
1458,Kendrick Lamar
1459,BTS
1460,One Direction
1461,Charlie Puth
1462,Anitta
1463,Labrinth
1464,Offset
1465,Alfredo Olivas
1466,Prince Royce
1467,El Alfa
1468,Calibre 50
1469,Ghost
1470,Pablo Alborán
1471,Julia Michaels
1472,Mambo Kingz
1473,Florida Georgia Line
1474,MC Hariel
1475,Cults
1476,WILLOW
1477,Kenshi Yonezu
1478,Stormzy
1479,Young Dolph
1480,La Adictiva
1481,El Fantasma
1482,Macklemore & Ryan Lewis
1483,Xand Avião
1484,Asees Kaur
1485,Disclosure
1486,Vintage Culture
1487,Lord Huron
1488,Noah Cyrus
1489,ScHoolboy Q
1490,Rita Ora
1491,James Bay
1492,Jessie J
1493,Die Kita-Frösche
1494,Ufo361
1495,Karsten Glück
1496,Simone Sommerland
1497,C418
1498,Foster The People
1499,Purple Disco Machine
1500,Carla Morrison
1501,Christina Perri
1502,Nanpa Básico
1503,Alex G
1504,Kevin Roldan
1505,Fran C
1506,Andy Grammer
1507,Shouse
1508,Rvssian
1509,MAX
1510,Ana Mena
1511,Daya
1512,Jacquees
1513,Bethel Music
1514,Luchè
1515,Grimes
1516,Super Simple Songs
1517,C-Kan
1518,Jaden
1519,Skylar Grey
1520,Leo Santana
1521,Shilpi Raj
1522,Rudimental
1523,Millonario
1524,Shashaa Tirupati
1525,Jay Park
1526,Brett Eldredge
1527,Lana Del Rey
1528,The Weeknd
1529,Maluma
1530,Feid
1531,Anuel AA
1532,Robin Schulz
1533,Meghan Trainor
1534,A$AP Rocky
1535,Childish Gambino
1536,Anderson .Paak
1537,blackbear
1538,Justin Quiles
1539,Sabrina Carpenter
1540,PARTYNEXTDOOR
1541,Russ
1542,DJ Snake
1543,Migos
1544,Tyler Childers
1545,Little Mix
1546,Israel & Rodolffo
1547,Sid Sriram
1548,TV Girl
1549,Darell
1550,Takeoff
1551,Troye Sivan
1552,Tulus
1553,AJR
1554,Bastille
1555,C. Tangana
1556,Clean Bandit
1557,Aleman
1558,Chance the Rapper
1559,Natti Natasha
1560,Topic
1561,Mabel Matiz
1562,White Noise Baby Sleep
1563,Mon Laferte
1564,GIMS
1565,Lomepal
1566,MNEK
1567,A$AP Ferg
1568,Flume
1569,Lukas Graham
1570,Nekfeu
1571,Birdy
1572,Lasso
1573,Gzuz
1574,Salmo
1575,Ernia
1576,Zendaya
1577,Khruangbin
1578,Falling In Reverse
1579,Aimer
1580,Leslie Odom Jr.
1581,FLETCHER
1582,Tom Rosenthal
1583,Kina
1584,Iggy Azalea
1585,JP Cooper
1586,Brett Young
1587,Río Roma
1588,Santhosh Narayanan
1589,The Paper Kites
1590,WALK THE MOON
1591,Vince Staples
1592,Ronnie Flex
1593,Of Monsters and Men
1594,Boef
1595,Stephanie Beatriz
1596,Ankit Tiwari
1597,The Neighbourhood
1598,Duki
1599,Travis Scott
1600,KAROL G
1601,Metro Boomin
1602,Mac DeMarco
1603,Cigarettes After Sex
1604,Rema
1605,The 1975
1606,Halsey
1607,Bebe Rexha
1608,James Arthur
1609,Lil Durk
1610,Henrique & Juliano
1611,Tom Odell
1612,Mitski
1613,The Chainsmokers
1614,Kygo
1615,5 Seconds of Summer
1616,Matheus & Kauan
1617,Glass Animals
1618,The Lumineers
1619,Martin Garrix
1620,Melanie Martinez
1621,Becky G
1622,Lorde
1623,Becky Hill
1624,Wesley Safadão
1625,Kumaar
1626,Tove Lo
1627,Zara Larsson
1628,Piso 21
1629,AURORA
1630,Joey Bada$$
1631,Ray Dalton
1632,Galantis
1633,Denzel Curry
1634,Eyedress
1635,Ángela Aguilar
1636,Zé Neto & Cristiano
1637,Thomas Rhett
1638,G Herbo
1639,Nardo Wick
1640,Lenin Ramírez
1641,Novo Amor
1642,Maes
1643,Ezhel
1644,Dadju
1645,Jon Pardi
1646,The Living Tombstone
1647,CRO
1648,alt-J
1649,Kodaline
1650,ODESZA
1651,Matisse
1652,MØ
1653,Earl Sweatshirt
1654,Pouya
1655,Mabel
1656,Miky Woodz
1657,Lauren Daigle
1658,BIA
1659,Rag'n'Bone Man
1660,Dawid Podsiadło
1661,Blueface
1662,John Newman
1663,Rich The Kid
1664,Tinashe
1665,Fiersa Besari
1666,Ozuna
1667,Oliver Tree
1668,Sebastian Yatra
1669,NF
1670,Alan Walker
1671,NLE Choppa
1672,Bryson Tiller
1673,Tanishk Bagchi
1674,Hozier
1675,Lizzo
1676,Daniel Caesar
1677,Jay Wheeler
1678,Lazza
1679,Alec Benjamin
1680,Vance Joy
1681,Imanbek
1682,DJ Luian
1683,Dalex
1684,George Ezra
1685,Felix Jaehn
1686,LUDMILLA
1687,Niska
1688,Rae Sremmurd
1689,ILLENIUM
1690,Dilsinho
1691,LUCKI
1692,X Ambassadors
1693,Madison Beer
1694,Dove Cameron
1695,Sam Feldt
1696,Darshan Raval
1697,Milky Chance
1698,Jess Glynne
1699,Capo Plaza
1700,Dan + Shay
1701,Mc Kevin
1702,Jonita Gandhi
1703,Jaymes Young
1704,The Walters
1705,Beach Weather
1706,Latto
1707,Justine Skye
1708,Tion Wayne
1709,Miggy Dela Rosa
1710,Ovi
1711,Ferrugem
1712,Rochak Kohli
1713,Omar Varela
1714,Sam Hunt
1715,EXO
1716,Nikhita Gandhi
1717,Masego
1718,Rainbow Kitten Surprise
1719,KAYTRANADA
1720,Charles Ans
1721,Jairo Vera
1722,Sofía Reyes
1723,Fifth Harmony
1724,The Vamps
1725,XXXTENTACION
1726,Doja Cat
1727,Lil Uzi Vert
1728,SZA
1729,$uicideboy$
1730,Morgan Wallen
1731,Lil Peep
1732,Shawn Mendes
1733,Luke Combs
1734,Sech
1735,Brent Faiyaz
1736,Kodak Black
1737,Marília Mendonça
1738,Kali Uchis
1739,Chase Atlantic
1740,League of Legends
1741,Sfera Ebbasta
1742,Dean Lewis
1743,Ninho
1744,Lenny Tavárez
1745,Maiara & Maraisa
1746,Lost Frequencies
1747,Anne-Marie
1748,Swae Lee
1749,Santa Fe Klan
1750,Kehlani
1751,Mc Don Juan
1752,Gera MX
1753,beabadoobee
1754,Sigala
1755,Brytiago
1756,Red Velvet
1757,Kane Brown
1758,LANY
1759,Ella Henderson
1760,Diego & Victor Hugo
1761,James Hype
1762,Jax Jones
1763,Seafret
1764,Zé Felipe
1765,Bedoes 2115
1766,Ghostemane
1767,Young Nudy
1768,B Praak
1769,Neo Beats
1770,Pinguini Tattici Nucleari
1771,Saweetie
1772,Gryffin
1773,Hailee Steinfeld
1774,Blxst
1775,Mc Davi
1776,Lainey Wilson
1777,Men I Trust
1778,Hungria Hip Hop
1779,Fetty Wap
1780,Naps
1781,Kelsea Ballerini
1782,Night Lovell
1783,The Score
1784,Ofenbach
1785,Smino
1786,Joyner Lucas
1787,Chelsea Cutler
1788,Moira Dela Torre
1789,Los Gemelos De Sinaloa
1790,Angèle
1791,Loud Luxury
1792,I Prevail
1793,DIVINE
1794,Ricky Montgomery
1795,Matheus Fernandes
1796,Vishal Mishra
1797,Post Malone
1798,Dua Lipa
1799,Bad Bunny
1800,Rauw Alejandro
1801,Myke Towers
1802,Marshmello
1803,BLACKPINK
1804,Morat
1805,Eladio Carrion
1806,A Boogie Wit da Hoodie
1807,Rels B
1808,Camila Cabello
1809,RAYE
1810,Cardi B
1811,Jack Harlow
1812,Freddie Dredd
1813,Lil Yachty
1814,Phoebe Bridgers
1815,SEVENTEEN
1816,Shiloh Dynasty
1817,JID
1818,Danny Ocean
1819,Orochi
1820,Jubin Nautiyal
1821,Damso
1822,Lauv
1823,Bryant Myers
1824,Moneybagg Yo
1825,6LACK
1826,Joel Corry
1827,Dermot Kennedy
1828,Alessia Cara
1829,Ruth B.
1830,PNL
1831,NAV
1832,Gabito Ballesteros
1833,Murilo Huff
1834,Cavetown
1835,Jessie Reyez
1836,Vacations
1837,OFFICIAL HIGE DANDISM
1838,Montell Fish
1839,Jonas Blue
1840,Gustavo Mioto
1841,White 2115
1842,Mc IG
1843,Jeremy Zucker
1844,Jimin
1845,Nio Garcia
1846,Original Broadway Cast of Hamilton
1847,SYML
1848,Leon Bridges
1849,Tom Grennan
1850,Louis Tomlinson
1851,Mrs. GREEN APPLE
1852,Rashmi Virag
1853,Lil Tracy
1854,Cheat Codes
1855,Toby Fox
1856,PnB Rock
1857,SAINt JHN
1858,Sasha Alex Sloan
1859,Ashe
1860,Capital Bra
1861,Billie Eilish
1862,Joji
1863,ROSALÍA
1864,Central Cee
1865,Manuel Turizo
1866,Olivia Rodrigo
1867,Trippie Redd
1868,YoungBoy Never Broke Again
1869,DaBaby
1870,Christian Nodal
1871,Conan Gray
1872,070 Shake
1873,TINI
1874,MC Cabelinho
1875,Grupo Firme
1876,Sidhu Moose Wala
1877,Hugo & Guilherme
1878,Rex Orange County
1879,Elley Duhé
1880,Calum Scott
1881,Shiva
1882,ZAYN
1883,Lyanno
1884,La Joaqui
1885,Niall Horan
1886,Dave
1887,Clairo
1888,Brray
1889,Ski Mask The Slump God
1890,Noriel
1891,Grupo Arriesgado
1892,Matuê
1893,NCT DREAM
1894,Karan Aujla
1895,NEFFEX
1896,bbno$
1897,Dominic Fike
1898,Aya Nakamura
1899,Pineapple StormTv
1900,CKay
1901,Mau y Ricky
1902,Young Cister
1903,Yung Gravy
1904,Bazzi
1905,Soolking
1906,Pablo Chill-E
1907,NCT 127
1908,Two Feet
1909,Jorja Smith
1910,Bad Omens
1911,Beret
1912,James Carter
1913,JIN
1914,Ben&Ben
1915,Marca MP
1916,Bizarrap
1917,Harry Styles
1918,Lil Baby
1919,Måneskin
1920,Stray Kids
1921,Mora
1922,Fuerza Regida
1923,Lewis Capaldi
1924,Ava Max
1925,Yeat
1926,Kim Petras
1927,Jhayco
1928,Roddy Ricch
1929,Tate McRae
1930,Paulo Londra
1931,Rod Wave
1932,Xamã
1933,Ovy On The Drums
1934,L7NNON
1935,Aitana
1936,Sleepy Hallow
1937,WIU
1938,Em Beihold
1939,YSY A
1940,King Von
1941,Luísa Sonza
1942,Noah Kahan
1943,keshi
1944,HARDY
1945,KHEA
1946,Key Glock
1947,D-Block Europe
1948,Trueno
1949,Ryan Castro
1950,Omar Apollo
1951,NIKI
1952,WOS
1953,YNW Melly
1954,LIT killah
1955,Aitch
1956,$NOT
1957,Cazzu
1958,Tayc
1959,Jordan Davis
1960,6ix9ine
1961,dazy
1962,42 Dugg
1963,Tony Aguirre
1964,Juice WRLD
1965,Polo G
1966,Luis R Conriquez
1967,The Kid LAROI
1968,Lil Nas X
1969,Maria Becerra
1970,MC Ryan SP
1971,Natanael Cano
1972,JVKE
1973,Lil Tjay
1974,Summer Walker
1975,Baby Keem
1976,Giveon
1977,Tiago PZK
1978,Geolier
1979,Lil Tecca
1980,Polimá Westcoast
1981,Kevin Kaarl
1982,Lofi Fruits Music
1983,Chill Fruits Music
1984,girl in red
1985,(G)I-DLE
1986,Tems
1987,Connor Price
1988,Ke Personajes
1989,Edgardo Nuñez
1990,iann dior
1991,Grupo Menos É Mais
1992,Dallass
1993,Apache 207
1994,24kGoldn
1995,Kenia OS
1996,Mc Poze do Rodo
1997,ATEEZ
1998,Coi Leray
1999,Callejero Fino
2000,Ajaxx
2001,j-hope
2002,Los Dos Carnales
2003,Teto
2004,Marcianeke
2005,Zack Tabudlo
2006,Junior H
2007,Zach Bryan
2008,Pop Smoke
2009,Peso Pluma
2010,Cris Mj
2011,Nicki Nicole
2012,TOMORROW X TOGETHER
2013,Guilherme & Benuto
2014,Fred again..
2015,AP Dhillon
2016,Eslabon Armado
2017,Øneheart
2018,Kotim
2019,YOASOBI
2020,Blessd
2021,Ado
2022,Tiakola
2023,ITZY
2024,sped up nightcore
2025,Morad
2026,UZI
2027,Gazo
2028,Vaundy
2029,Felipe Amorim
2030,NATTAN
2031,Gurinder Gill
2032,Solfeggio Healing Frequencies MT
2033,Kato
2034,Lvbel C5
2035,CoComelon
2036,Quevedo
2037,Stephen Sanchez
2038,Mc Paiva ZS
2039,MEDUZA
2040,Standly
2041,Pailita
2042,Mainstreet
2043,Miracle Tones
2044,Ivan Cornejo
2045,Fujii Kaze
2046,Hotel Ugly
2047,ENHYPEN
2048,Oscar Maydon
2049,DVRST
2050,Nicky Youre
2051,Tz da Coronel
2052,d4vd
2053,Ana Castela
2054,Kordhell
2055,Mari Fernandez
2056,Rosa Linn
2057,PinkPantheress
2058,BoyWithUke
2059,FIFA Sound
2060,Eden Muñoz
2061,INTERWORLD
2062,Silk Sonic
2063,Rain Fruits Sounds
2064,João Gomes
2065,Oruam
2066,Shubh
2067,Bailey Zimmerman
2068,IVE
2069,Arcane
2070,Sleepy Penguin
2071,Stars Music Chile
2072,AYLIVA
2073,NewJeans
2074,Grupo Frontera
2075,Jung Kook
2076,LE SSERAFIM
2077,ThxSoMch
2078,SICK LEGEND
