spotify_artist_id,youtube_channel_id
3AA28KZvwAUcZuOKwyblJQ,UCfIXdjDQH9Fau7y99_Orpjw
3AA28KZvwAUcZuOKwyblJQ,UCNIV5B_aJnLrKDSnW_MOmcQ
0L8ExT028jH3ddEcZwqJJ5,UCEuOwB9vSL1oPKGNdONB4ig
0L8ExT028jH3ddEcZwqJJ5,UCrSorX845CEWXzU4Z7BojjA
3q7HBObVc0L8jNeTe5Gofh,UC8zJedg1f4sKnyuHWeS6vyw
2ye2Wgw4gimLv2eAKyk1NB,UCbulh9WdLtEXiooRcYK7SWw
4gzpq5DPGxSnKTe4SA8HAU,UCDPM_n1atn2ijUwHd0NNRQw
4gzpq5DPGxSnKTe4SA8HAU,UCfJOsk44wjzby9H64jDd4Nw
4tZwfgrHOc3mvqYlEYSvVi,UC_kRDKYrUlrbtrSiyu5Tflg
6XyY86QOPPrYVGvF9ch6wz,UCZU9T1ceaOgwfLRq7OKFU4Q
4Z8W4fKeB5YxbusRsdQVPb,UCr_iyUANcn9OX_yy9piYoLw
4Z8W4fKeB5YxbusRsdQVPb,UCq19-LqvG35A-30oyAiPiqA
711MCceyCBcFnzjGY4Q7Un,UCB0JSO6d5ysH2Mmqz5I9rIw
1yxSLGMDHlW21z4YXirZDS,UCBFaOy1_APEXEyA6Gws_Y1g
3fMbdgg4jU18AjLCKBhRSm,UC5OrDvL9DscpcAstz7JnQGA
1KCSPY1glIKqW2TotWuXOR,UCE5yTn9ljzSnC_oMp9Jnckg
7dGJo4pcD2V6oG8kP0tJRR,UC20vb-R_px4CguHzzBPhoyQ
7dGJo4pcD2V6oG8kP0tJRR,UCfM3zsQsOnfWNUppiycmBuw
2RdwBSPQiwcmiDo9kixcl8,UCNUbNl2U6Hg8J0Zem6hzC2g
6LuN9FCkKOj5PcnpouEgny,UCkntT5Je5DDopF70YUsnuEQ
0EmeFodog0BfCgMzAIvKQp,UCYLNGLIzMhRTi6ZOLjAPSmw
6TIYQ3jFPwQSRmorSezPxX,UCUs8sGiP4avNaYNVO22INhQ
1SupJlEpv7RS2tPNRaHViT,UCpb_iJuhFe8V6rQdbNqfAlQ
3WrFJ7ztbogyGnTHbHJFl2,UCc4K7bAqpdBP8jh1j9XZAww
0TnOYISbd1XYRBk9myaseg,UCv8nzwVPQDRjkPCkEsOdEwA
3Isy6kedDrgPYoTS1dazA9,UCkdc7gHpavxpgGalxKbgSHA
43ZHCT0cAZBISjO8DG9PnE,UChgxarBUCnPJV871-46bJ2g
43ZHCT0cAZBISjO8DG9PnE,UCW6G95TBLCh5SdC-DHDSf5w
1ZwdS5xdxEREPySFridCfh,UCA_-NVTKOlWgxgTWjqlzZlA
1ZwdS5xdxEREPySFridCfh,UCMIdeeBjp_60Jv7ROpRxK6Q
7hJcb9fa4alzcOq3EaNPoG,UC-OO324clObi3H-U0bP77dw
55Aa2cqylxrFIXC767Z865,UCEOhcOACopL42xyOBIv1ekg
55Aa2cqylxrFIXC767Z865,UCO9zJy7HWrIS3ojB4Lr7Yqw
5WUlDfRSoLAfcVSX1WnrxN,UCN9HPn2fq-NL8M5_kp4RWZQ
08GQAI4eElDnROBrJRGE0X,UCAb60rVrvVQVfSgrX1UWb0g
08GQAI4eElDnROBrJRGE0X,UCCzULu3prrEaPvM2ZtkJlYQ
0LcJLqbBmaGUft1e9Mm8HV,UCa_4DcdTB9QfK0LY9-7qWuQ
0LcJLqbBmaGUft1e9Mm8HV,UCYPs4y5esNqx6ax1CxZws6Q
1Mxqyy3pSjf8kZZL4QVxS0,UC1zsfp3OD8qWQ0HfLbz2TXg
1Mxqyy3pSjf8kZZL4QVxS0,UCJtvg6ZFwzdFdtcHBqetvwg
2o5jDhtHVPhrJdv3cEQ99Z,UC8VSaPhuiHkjobAgNpRqLIA
2o5jDhtHVPhrJdv3cEQ99Z,UCO59y9XJIJZS5i86lUOvMGA
3PhoLpVuITZKcymswpck5b,UCn9i4cdLe14CbsOycTbKMoA
3PhoLpVuITZKcymswpck5b,UCcd0tBtip8YzdTCUw3OVv_Q
3nFkdlSjzX9mRTtwJOzDYB,UC_Bf08Y-3m6CMAvTms3EkKg
3nFkdlSjzX9mRTtwJOzDYB,UCN-sc1xJr-QQNj_uNIM9wTA
1URnnhqYAYcrqrcwql10ft,UCOjEHmBKwdS7joWpW0VrXkg
5K4W6rqBFWDnAN6FQUkS6x,UCs6eXM7s8Vl5WcECcRHc2qQ
5K4W6rqBFWDnAN6FQUkS6x,UCRY5dYsbIN5TylSbd7gVnZg
2nszmSgqreHSdJA3zWPyrW,UCF3i2P9jI2adJp_-RDdzHgg
6vWDO969PvNqNYHIOW5v0m,UCuHzBCaKmtaLcRAOoazhCPA
4VMYDCV2IEDYJArk749S6m,UC9TO_oo4c_LrOiKNaY6aysA
4Gso3d4CscCijv0lmajZWs,UCgT01FILdWB9BsXBXKjpQ7A
28gNT5KBp7IjEOQoevXf9N,UC0l2FUrxXnO8XwR0eqb-Nsg
28gNT5KBp7IjEOQoevXf9N,UCw0aKHSGFGyrnMeVnHeYMyw
26dSoYclwsYLMAKD3tpOr4,UCgffc95YDBlkGrBAJUHUmXQ
329e4yvIujISKGKz1BZZbO,UCqFhfan_P2AmGVB1X2B-3Aw
1wZtkThiXbVNtj6hee6dz9,UCwR_LqB7g3-_J7p1nscCbEA
7bXgB6jMjp9ATFy66eO08Z,UCcYrdFJF7hmPXRNaWdrko4w
2jku7tDXc6XoB6MO2hFuqg,UCbfUA3UGxAWL3muD004g0WQ
4iHNK0tOyZPYnBU7nGAgpQ,UCurpiDXSkcUbgdMwHNZkrCg
1mYsTxnqsietFxj1OgoGbG,UC3mb5QRlm4VQmOZD_P0ctGw
3meJIgRw7YleJrmbpbJK6S,UCkBOK5_V5AcQlye0TV2g0-A
1wRPtKGflJrBx9BmLsSwlU,UCFrjzbol2Zy-FaKaCIKIDVA
0oOet2f43PA68X5RxKobEy,UCcL78rRNuUQ8t7Dx4CLmRqA
0k17h0D3J5VfsdmQ1iZtE9,UCY2qt3dw2TQJxvBrDiYGHdQ
0k17h0D3J5VfsdmQ1iZtE9,UCO6LS_5W7vqG9mALDNzSFug
5eAWCfyUhZtHHtBdNk56l1,UC7-YMmnc0ppcWmio8t1WdcA
5eAWCfyUhZtHHtBdNk56l1,UCDJftX2zx_UT_QSnBGIF96w
5eAWCfyUhZtHHtBdNk56l1,UCvtZDkeFxMkRTNqfqXtxxkw
7oPftvlwr6VrsViSDV7fJY,UCqC_GY2ZiENFz2pwL0cSfAw
2uFUBdaVGtyMqckSeCl0Qj,UCQxsahIsaO7_nDwVlFRMQiA
12Chz98pHFMPJEknJQMWvI,UCGGhM6XCSJFQ6DTRffnKRIw
7Ey4PD4MYsKc5I2dolUwbH,UCBxdHQVOaZhUOIj_3gt2FYw
05fG473iIaoy82BF1aGhL8,UCOJZ1tna8yj8mAEITPkHNCQ
2DaxqgrOhkeH0fpeiQq2f4,UCUDVBtnOQi4c7E8jebpjc9Q
2DaxqgrOhkeH0fpeiQq2f4,UCmMUZbaYdNH0bEd1PAlAqsA
22bE4uQ6baNwSHPVcDxLCe,UCB_Z6rBg3WW3NL4-QimhC2A
0YC192cP3KPCRWx8zr8MfZ,UCJeBQabyLa_FvMxb6G67lkw
6Ghvu1VvMGScGpOUJBAHNH,UCQDsiRE--IQe5ycCLeetIxQ
6FBDaR13swtiWwGhX1WQsP,UCdvlHk5SZWwr9HjUcwtu8ng
0oSGxfWSnnOXhD2fKuz2Gy,UC8YgWcDKi1rLbQ1OtrOHeDw
58lV9VcRSjABbAbfWS6skp,UCkBwnm7GOfYHsacwUjriC-w
58lV9VcRSjABbAbfWS6skp,UCwlTofOAY79PS_GhmborAdA
6DPYiyq5kWVQS4RGwxzPC7,UCmHhviensDlGQeU8Yo80zdg
6DPYiyq5kWVQS4RGwxzPC7,UCx4Lxn5CzeG99X01__YsJpw
3IYUhFvPQItj6xySrBmZkd,UCRbMcMQeSFVvsyEuOn7uAKQ
3IYUhFvPQItj6xySrBmZkd,UCZodL_lPCDt6BT5Co7r3rdQ
51Blml2LZPmy7TTiAg47vQ,UC4gPNusMDwx2Xm-YI35AkCA
0UWZUmn7sybxMCqrw9tGa7,UC5sQe-dDsoobC6TRokL7SMQ
0UWZUmn7sybxMCqrw9tGa7,UCbGmbLGPhxIlp1JF4tybiAg
7okwEbXzyT2VffBmyQBWLz,UC3cSX-0y3IZzr2F2J1dFlUg
1LZEQNv7sE11VDY3SdxQeN,UCD9sCcKXnFxMeuFoNayVxeQ
6zFYqv1mOsgBRQbae3JJ9e,UCyVomykHKyWCWo8lSKHHmzA
5me0Irg2ANcsgc93uaYrpb,UCIZGqIYkST36dLp0uf9o9nw
7qG3b048QCHVRO5Pv1T5lw,UC-6czyMkxDi8E8akPl0c7_w
5Y5TRrQiqgUO4S36tzjIRZ,UCC3zgQZssIUMPZEYZWaqvbg
5sUrlPAHlS9NEirDB8SEbF,UCV4S6_JoeDq9j6mgbpkmA0Q
6XpaIBNiVzIetEPCWDvAFP,UC7fzrpTArAqDHuB3Hbmd_CQ
6XpaIBNiVzIetEPCWDvAFP,UCG5fkJ8-2b2ZjWpVNpr7Dqg
6tbjWDEIzxoDsBA1FuhfPW,UC81VD6eeuLLSfyY_D-N8sVw
6tbjWDEIzxoDsBA1FuhfPW,UCmQmc-Y4N9btVMUS1BfnyDw
3DiDSECUqqY1AuBP8qtaIa,UCETZ7r1_8C1DNFDO-7UXwqw
3DiDSECUqqY1AuBP8qtaIa,UCK5X3f0fxO4YnVKVZP8p6hg
0hEurMDQu99nJRq8pTxO14,UC9KhB07HSEtWISy_LFWwHzw
0hEurMDQu99nJRq8pTxO14,UCi1mYtUWs0JRkPl6bNVRL_Q
1l7ZsJRRS8wlW3WfJfPfNS,UCgBN6eQyZPnsApiL1QW44Hg
1l7ZsJRRS8wlW3WfJfPfNS,UClx2ih2Nx8enGmsMsA6C3BQ
4wLXwxDeWQ8mtUIRPxGiD6,UCiKsRIULyLr783nNZm-JlAQ
4wLXwxDeWQ8mtUIRPxGiD6,UCQhOf1GhzkMsyLAFwrnG8XQ
0h1zs4CTlU9D2QtgPxptUD,UCmDWOcRAkUX-05hhopOnUDQ
7guDJrEfX3qb6FEbdPA5qi,UCGD7CfG3JgZF52QpIRivV1Q
3ipn9JLAPI5GUEo4y4jcoi,UClzrSyGVRJK7EhKH2Fnt9XA
3ipn9JLAPI5GUEo4y4jcoi,UCpytoPautrCCR3AynOemHhg
2jSGzJw0ebJLu7OLVSOcBP,UCSBilL6FoaKp-RsfYvseHBQ
1qto4hHid1P71emI6Fd8xi,UCX_gHEqsNCpJl-DWf5EN2Ww
23zg3TcAtWQy7J6upgbUnj,UCaNrhBiXsXIM2epDl_kEzgQ
6sq1yF0OZEWA4xoXVKW1L9,UC0K-1_31jfkcA4Nd294gMyA
3aQeKQSyrW4qWr35idm0cy,UCwff7OoSHp3el6GqnSwcSdA
5aIqB5nVVvmFsvSdExz408,UCFtSXTlIMFFkyJbHO3V5b7A
5ZS223C6JyBfXasXxrRqOk,UCcHl3bzvpMh74okqhV5UPOw
6AiX12wXdXFoGJ2vk8zBjy,UCf0KybguYN3FqbRoxCbR6kw
1w5Kfo2jwwIPruYS2UWh56,UCI1tnOMUhNh2QiHTpMrPDbw
1w5Kfo2jwwIPruYS2UWh56,UClQT6Vnsm6BUm0I5kR26EkQ
5LfGQac0EIXyAN8aUwmNAQ,UCP3EX5VKeaG4Oa2qTKPuEFA
6kACVPfCOnqzgfEF5ryl0x,UCiGs21G3KeE2tpbbMPzn9Qg
6kACVPfCOnqzgfEF5ryl0x,UCp_8NqIsZVAaGiVi3im7A8Q
6kACVPfCOnqzgfEF5ryl0x,UCLwdOhL6TKbmjRtZ8wIr-Bg
0ECwFtbIWEVNwjlrfc6xoL,UC49r4GNHHpc-eQ9hmD2Rg6A
0ECwFtbIWEVNwjlrfc6xoL,UCPTypnDNlOZVnD7MY30_YBw
3RNrq3jvMZxD9ZyoOZbQOD,UC6ly_u2ufiHGpYzC_28-8zw
3RNrq3jvMZxD9ZyoOZbQOD,UCTGbDM6lZnKFctFA5GOU0Kg
0SwO7SWeDHJijQ3XNS7xEE,UCC2i4uIWWjx5L5V5Q5k7eiQ
2pAWfrd7WFF3XhVt9GooDL,UC6Y8dX3XdGsp2akU-SKfreA
7bu3H8JO7d0UbMoVzbo70s,UCL_zMdXdM51oSi5XpxTvRtQ
3GBPw9NK25X1Wt2OUvOwY3,UCGtoY2YzP_nP54-aRK8s7VA
3GBPw9NK25X1Wt2OUvOwY3,UCRa17gWCZmdxEymLdXQhj9A
1G9G7WwrXka3Z1r7aIDjI7,UCaziuyHLR37c2jBkHrYSQMA
3Mcii5XWf6E0lrY3Uky4cA,UCcFrOIMXUrmX4hxgVSLrAiQ
3Mcii5XWf6E0lrY3Uky4cA,UCRZvImLvRIE5BoZvmVHMTqw
4lxfqrEsLX6N1N4OCSkILp,UC4JeRiQvPQ_nb1BZWjk9QoA
7An4yvF7hDYDolN4m5zKBp,UC_MAancGcA0YeACrpSwokhQ
20qISvAhX20dpIbOOzGK3q,UChE4aVxHHk5Mx9fZ2DaPJGw
4V8Sr092TqfHkfAA5fXXqG,UCLp8RBhQHu9wSsq62j_Md6A
4V8Sr092TqfHkfAA5fXXqG,UCxoq-PAQeAdk_zyg8YS0JqA
5rSXSAkZ67PYJSvpUpkOr7,UC1OR2YNQLZJYFdQjFrPWvVw
0ZCO8oVkMj897cKgFH7fRW,UCPeGv4l3-gJvuJ4IJ47QC7Q
0ZCO8oVkMj897cKgFH7fRW,UCYTPYsuIRSu7o9xmeB_L4_g
2qxJFvFYMEDqd7ui6kSAcq,UCFzm6oAGFmmZfkrzQ5wATSQ
2qxJFvFYMEDqd7ui6kSAcq,UCPNokRZ9hacjIQ3IQL6HNUQ
7v4imS0moSyGdXyLgVTIV7,UCirPLQsYtHWBmalEbX1LcAA
0SfsnGyD8FpIN4U4WCkBZ5,UCu5jfQcpRLm9xhmlSd5S8xw
5gCRApTajqwbnHHPbr2Fpi,UCTxUwcJJWYy63YgJbJXRF7g
2QWIScpFDNxmS6ZEMIUvgm,UC6KLIUd2VaVN8Aik3PxO13A
2QWIScpFDNxmS6ZEMIUvgm,UCwWwGhSVOjbhZSBh-Wa3xTw
3eqjTLE0HfPfh78zjh6TqT,UCcu7ANuD9J7hnTQCREqIc4Q
5lpH0xAS4fVfLkACg9DAuM,UCT41vlFeZ_asAUCY7BOiJVQ
4mN0qcMxWX8oToqfDPM5yV,UCSPwNgHHyAtHanVaGN2LLWA
3hYtANQYrE6pd2PbtEyTIy,UCaflwdWdaSGPNSyrAG0Uffw
3hYtANQYrE6pd2PbtEyTIy,UCcAeCxhKNEZ-KkCr6yTLhEw
3hYtANQYrE6pd2PbtEyTIy,UChQnpRseYKnIOz5Mc1VDTKQ
3Z02hBLubJxuFJfhacLSDc,UC58iZEkGZi7ETeXizx_03vg
3Z02hBLubJxuFJfhacLSDc,UCxuYPUdTZHRZKVRZ1km1plw
49e4v89VmlDcFCMyDv9wQ9,UC_mPFw8OyrxpIlo9TH325Wg
49e4v89VmlDcFCMyDv9wQ9,UCWbQ2D5aaB4tpqIE4TzTAAA
2jw70GZXlAI8QzWeY2bgRc,UC5Y-gAeGpzgzu0ObzKnhPFA
2jw70GZXlAI8QzWeY2bgRc,UCrSczPA0uxFM-PgWOeDX-ew
7slfeZO9LsJbWgpkIoXBUJ,UCGkkG-VYVXenlhVIqjH-9oA
2DlGxzQSjYe5N6G9nkYghR,UCr8RjWUQ_9KYcIPmWiqBroQ
2DlGxzQSjYe5N6G9nkYghR,UCx1f1u4XlFFr0YgqF3wB4lQ
4NJhFmfw43RLBLjQvxDuRS,UCmeFxYk5BSbJGWN9OgTAIhw
2MRBDr0crHWE5JwPceFncq,UCWANPVmVKsJUg2ed9hK2r9w
2gBjLmx6zQnFGQJCAQpRgw,UCOnzS9RKEhSvfUCsFbSrJ_A
2gBjLmx6zQnFGQJCAQpRgw,UCzQNgpWWPLuoAC6zA3VejzA
7y97mc3bZRFXzT2szRM4L4,UCyTnUReB5s38R-ZKlb2wyVg
4S9EykWXhStSc15wEx8QFK,UC_yGU4qz9zAjEWLQxCg9NZQ
4S9EykWXhStSc15wEx8QFK,UCh6C5LG14uZKmwCgGxf-nDQ
4AVFqumd2ogHFlRbKIjp1t,UC05i95k-w8CvrtZ-yGTob7A
2ae6PxICSOZHvjqiCcgon8,UCrSit4ra9GmGH6Z0SczTATg
1dVygo6tRFXC8CSWURQJq2,UCDYFISYJx2tSc6cyhvx0N5Q
4fEkbug6kZzzJ8eYX6Kbbp,UC5JW1e1X4R34JHs-t34U2Vw
0TeVa4xdLB8vdzjsvKH6Ri,UCpPhbXeFOb32k82-f-Qt7rQ
6mdiAmATAx73kdxrNrnlao,UCaisXKBdNOYqGr2qOXCLchQ
5M52tdBnJaKSvOpJGz8mfZ,UCc2JGDorWnjhrXwxo4qXSbA
5M52tdBnJaKSvOpJGz8mfZ,UCrx-X329UKv0Y06VhfpFVvw
19i93sA0D7yS9dYoVNBqAA,UCx8aPJsCX-azt-G6Y5teOpA
165ZgPlLkK7bf5bDoFc6Sb,UCCndqRyI-5Zl8Mutlq71ASw
165ZgPlLkK7bf5bDoFc6Sb,UCXe06VQdj4l_LyuUGh__DQg
4x1nvY2FN8jxqAFA0DA02H,UCYU4eunPInnHTNWfGvOgkbg
3TOqt5oJwL9BE2NG9MEwDa,UCveWMJeHgcIUPMnFzd7Vxjg
22WZ7M8sxp5THdruNY3gXt,UCYgJ2M1mq8Ae0QOm_VQU4VQ
4KWTAlx2RvbpseOGMEmROg,UC7eaRqtonpyiYw0Pns0Au_g
4KWTAlx2RvbpseOGMEmROg,UCZQMYjqm_j5mBVTfPcCy3FA
27T030eWyCQRmDyuvr1kxY,UCcvnDgwSH5Dl2b3Bxfz4OCQ
2Kx7MNY7cI1ENniW7vT30N,UCBJtGODWGrM3fdQ0G5E9uAQ
2Kx7MNY7cI1ENniW7vT30N,UCM11Z1jQPm07ImX4lqYmwqA
40Yq4vzPs9VNUrIBG5Jr2i,UCnGcjQlLO8x7jsfw3r6U9ww
49bzE5vRBRIota4qeHtQM8,UCE8NoMFnai3tTuwdiQJ-78A
4QQgXkCYTt3BlENzhyNETg,UCdyqvgHHq9NEEfV20lO61jQ
4QQgXkCYTt3BlENzhyNETg,UCztiH7D-fHwsMyUF8r15vsQ
3jOstUTkEu2JkjvRdBA5Gu,UC7JDBUzkcwRGtQGia3_mMgQ
3jOstUTkEu2JkjvRdBA5Gu,UCtHZHneyvFGwxg6MHcbMLAw
3o2dn2O0FCVsWDFSh8qxgG,UCjQhd1APsd5NQhiVZV7GYzg
3FUY2gzHeIiaesXtOAdB7A,UC4-bN_6SHokeYKaM3hNeojA
2y8Jo9CKhJvtfeKOsYzRdT,UCm09uYWfEygr5gWjDm9xmUA
2y8Jo9CKhJvtfeKOsYzRdT,UCE5MST8NSGuWr88dQcNZ0fw
4bthk9UfsYUYdcFyqxmSUU,UCcozhiTOkGB1HCOgdBlEFPA
4bthk9UfsYUYdcFyqxmSUU,UCUeZg9WbtcvcfMzEbxIA5Cw
4bthk9UfsYUYdcFyqxmSUU,UCyH3IAelkUFM0u6Iacx22lA
0PFtn5NtBbbUNbU9EAmIWF,UCevVH-AyrGnTDMalq2x5fQQ
0PFtn5NtBbbUNbU9EAmIWF,UCewH1MBbYlEZMWx3ZUNywyg
0PFtn5NtBbbUNbU9EAmIWF,UCo0VtmTVw5B1nMlzOX8KW1A
5EvFsr3kj42KNv97ZEnqij,UCBtln7sL3FYAY6ePguz9sNg
4U7lXyKdSf1JbM1aXvsodC,UCZMo3HVu00Ky9HLDUW8jx7g
5yxyJsFanEAuwSM5kOuZKc,UCY1yTIi-DaxPbNtLCnwAM1g
3koiLjNrgRTNbOwViDipeA,UCV0Arhg2bZuyL6CutipMduw
19ra5tSw0tWufvUp8GotLo,UCR1LVH-teuA3-Kfy576TYSw
19ra5tSw0tWufvUp8GotLo,UCuHROrnQUji4548zGp3TRqQ
4yiQZ8tQPux8cPriYMWUFP,UCkEAAkbmhYVnJVSxvp-AfWg
4yiQZ8tQPux8cPriYMWUFP,UCX6mObpqyrtKMdxvCV9YkGg
0NbfKEOTQCcwd6o7wSDOHI,UC3eKKASjWY-WAGRII9iKHsQ
0NbfKEOTQCcwd6o7wSDOHI,UCCFs35_Ey5FXLh5L8eN08hg
0rvjqX7ttXeg3mTy8Xscbt,UCCcn1f6IDJyXVNYoiYIGZFw
32vWCbZh0xZ4o9gkz4PsEU,UCuGuRQHrvoNsD-AolV0X39g
2kXKa3aAFngGz2P4GjG5w2,UCeBu6AFsaPVElhFzlj5hetg
2wOqMjp9TyABvtHdOSOTUS,UCnsAooIr-Dsr8zJOCSadQcA
2elBjNSdBE2Y3f0j1mjrql,UC8CU5nVhCQIdAGrFFp4loOQ
59wfkuBoNyhDMQGCljbUbA,UCPlVQrTbx0UxYtilJ3CVu0Q
5e4Dhzv426EvQe3aDb64jL,UCadSacAVwG-QH6tWzjrmjxA
5e4Dhzv426EvQe3aDb64jL,UCGD9Vd6tEBkmM0hArMjgu3w
3SgHzT552wy2W8pNLaLk24,UC4q12NoPNySbVqwpw4iO5Vg
5vngPClqofybhPERIqQMYd,UCKforUeV8yBSrpDbuAvSknQ
5vngPClqofybhPERIqQMYd,UCOmZHz5W3F17HraXlJveEJA
6uRJnvQ3f8whVnmeoecv5Z,UCtRkmSO4PrhJ4TzNOmFIwjw
3OLGltG8UPIea8sA4w0yg0,UCP3nA0sJTqSxFv43S7sJU1g
108moq3rq6bm1M4Ypz0J02,UCANvYQ39J_y0MrXCdnaXpcw
108moq3rq6bm1M4Ypz0J02,UCvQcMlXzM9JdAgzkBo1B0Ew
3eDT9fwXKuHWFvgZaaYC5v,UCOy7uPsjass2DCY4a_UUp-Q
2d0hyoQ5ynDBnkvAbJKORj,UCFcytuxeGAHyM67L_nHDTIA
2d0hyoQ5ynDBnkvAbJKORj,UCm_W_hbwbzJE8w52jZ2NO0A
4F84IBURUo98rz4r61KF70,UC0sQemK7pgX5fYy0k1MFsHg
4F84IBURUo98rz4r61KF70,UCD0Wge1UpszMtqK3P9x50vA
4MVyzYMgTwdP7Z49wAZHx0,UCipLjr-h2iaEBWMJVfK2e2A
2mpeljBig2IXLXRAFO9AAs,UC9Nyyq3qHochdTq1klPyVIQ
2mpeljBig2IXLXRAFO9AAs,UCPaymCC07RcrRbT9Ero04jQ
6PAt558ZEZl0DmdXlnjMgD,UCtCOFqqGGGunX71nfZgPQOQ
74ASZWbe4lXaubB36ztrGX,UCBqkojCXby4zGkWX86FEY7Q
74ASZWbe4lXaubB36ztrGX,UCnRI0ay61tY-fKYzzB3fCnw
1ThoqLcyIYvZn7iWbj8fsj,UCBTrTXbSiv4Pq7As_tcB0UA
19eLuQmk9aCobbVDHc6eek,UC9ZFNi6DcduUn9KUMhOnFUQ
6uothxMWeLWIhsGeF7cyo4,UCNIlkuT0DYEc8aFbv3YcvdQ
4RddZ3iHvSpGV4dvATac9X,UCeekxg1vju_sjIK9KjJJLYg
6ZLTlhejhndI4Rh53vYhrY,UCe3JCin4Gnv9azlWnAs5keg
6ZLTlhejhndI4Rh53vYhrY,UC3YEGIgrJGwQDjY-dxZ8Dpw
2jzc5TC5TVFLXQlBNiIUzE,UCeEi1My3KTXHT0SG1JkR9gA
0cc6vw3VN8YlIcvr1v7tBL,UCq2g_Vcu3J1OwNRmdTNoxYA
64tNsm6TnZe2zpcMVMOoHL,UCK9X9JACEsonjbqaewUtICA
5V0MlUE1Bft0mbLlND7FJz,UC63nGmKVdVhiZr_bWhJVGGg
47zz7sob9NUcODy0BTDvKx,UC9vGD_KFNiQOHSeUoxIM3yQ
7aBzpmFXB4WWpPl2F7RjBe,UCzM7gneOyCYpSMGxtCaxQ9A
2QOIawHpSlOwXDvSqQ9YJR,UCgxn_fiPtuHCZDXQpBW2_Tg
70cRZdQywnSFp9pnc2WTCE,UCcIszZPVuroWlLXu4HjZdEw
70cRZdQywnSFp9pnc2WTCE,UCvj9Q8jeaaXlj2OprcRraaw
2HcwFjNelS49kFbfvMxQYw,UC3Nho5FPo__hIFbg_UlaCgA
7bPs6jf983f0bjRAt1yxDM,UCneHYHbkZzWFGmw2O7UkhrQ
1YfEcTuGvBQ8xSD1f53UnK,UCFIAkL-_akPk430rbdmPNaw
1YfEcTuGvBQ8xSD1f53UnK,UCCWKLP04ZkaVpxb6l5BKZOw
4STHEaNw4mPZ2tzheohgXB,UCvGnJy9RnXX0kGSnDPKCZzQ
4TK1gDgb7QKoPFlzRrBRgR,UC6ne51ocUQO4g2OcASW-g2Q
4TK1gDgb7QKoPFlzRrBRgR,UCEBcc_WHoyvM8_vofYot8aQ
60uh2KYYSCqAgJNxcU4DA0,UCp7WaCdDPxfLkDDZAjsYVnw
4MXUO7sVCaFgFjoTI5ox5c,UCMi8tQF_L7rd6YcmSt7MXrQ
5a2EaR3hamoenG9rDuVn8j,UCv3mNSNjuWldihk1DUdnGtw
54R6Y0I7jGUCveDTtI21nb,UCJOXLX2b_uMEct1r5F4PMXQ
5W5bDNCqJ1jbCgTxDD0Cb3,UCdBD6uy0ZuX7sLK4__Ll6LQ
44NX2ffIYHr6D4n7RaZF7A,UCEaleBSrSBDmm3VFKgpDsgA
2Mu5NfyYm8n5iTomuKAEHl,UCxISpPHkXV4RmeqOO4Z04Lg
2Mu5NfyYm8n5iTomuKAEHl,UCYcofFCRA6l398IofsT6R2A
7sfl4Xt5KmfyDs2T3SVSMK,UCak_T_U_EWN49_aTdl7FCqw
4mxWe1mtYIYfP040G38yvS,UCChNoYrjZP3ymvjh2BKBPbA
1Y8cdNmUJH7yBTd9yOvr5i,UCjvlwa6AOFGJ6e3Mjr2cg3w
1Y8cdNmUJH7yBTd9yOvr5i,UC2064-GFZ1y5NYZuUGX4iEA
41ESHLayJ5sDKjAOv6cMhe,UCxEZmUjlsthMZtsGT8YKGiA
5rkVyNGXEgeUqKkB5ccK83,UC3NFtmTQ_bt87KOXx4QR3LA
4sj6D0zlMOl25nprDJBiU9,UCFhZg4_QmTTNs5ohg-8RENQ
4VmEWwd8y9MCLwexFMdpwt,UCc1r7FILg1s6rXuE4quij5Q
4VmEWwd8y9MCLwexFMdpwt,UCDP3pzdWHiMFZYxntz8zAvw
64d1rUxfizSAOE9UbMnUZd,UC6OI7Crv96jgra5pwJNDFRQ
6AcOTCYBMvjKYy4zms0kaC,UCtTZG7QjiCvyy0hzvEv0DlQ
5sSzCxHtgL82pYDvx2QyEU,UCrnDk_4-MwHR7HeUS-5BK8A
2NoJ7NuNs9nyj8Thoh1kbu,UCGnMFd7LaIzZ4pUB2DuiPOw
2RTUTCvo6onsAnheUk3aL9,UCxYS_wIljaOTgFFDK2RK15w
7mnBLXK823vNxN3UWB7Gfz,UCchwuI134MUX4GSZqYLpYGA
7mnBLXK823vNxN3UWB7Gfz,UCHSKIP5psmjDFNe2Kri1wkw
7mnBLXK823vNxN3UWB7Gfz,UCJL3h2-wEOB6EigQOBZ3ryg
2VYQTNDsvvKN9wmU5W7xpj,UCbirjI1K3MGu0-Y1gTBNR5w
6GI52t8N5F02MxU0g5U69P,UCI7pNDDat9jR8TjgF48aBDA
6GI52t8N5F02MxU0g5U69P,UCty_FzLdVEPlsUMg1O8eEgA
7jefIIksOi1EazgRTfW2Pk,UCk87V2lvXb6AMZXkLY3_phQ
776Uo845nYHJpNaStv1Ds4,UCEqrtYLjy1o4hvaUI0J530w
0qT79UgT5tY4yudH9VfsdT,UC5zU9uDbWQh6YW8qY5JsTXw
3y24n3XhZ96wgwRXjvS17T,UC48nZNzBVu13HPwJ3upxQnQ
3y24n3XhZ96wgwRXjvS17T,UCL05rT1FGIX8SE3EeADcQtA
1Yox196W7bzVNZI7RBaPnf,UC-Ugu5IBFgrYuHBAW2DjmZQ
1Yox196W7bzVNZI7RBaPnf,UCLVz1B001PIbq9LliJenV2w
3RGLhK1IP9jnYFH4BRFJBS,UCWfAZudbGLAyrrEBaGuslNA
60df5JBRRPcnSpsIMxxwQm,UC0d604wgOhA8on5Lgw4lMYQ
0Ty63ceoRnnJKVEYP0VQpk,UCwERP8ZAI10RtZIAPsZQDDw
73jBynjsVtofjRpdpRAJGk,UCxmNWF8fQ4miqfGs84dFVrg
1QOmebWGB6FdFtW7Bo3F0W,UCZuU_8S5VItTh-InZ0CV-rA
1HwM5zlC5qNWhJtM00yXzG,UCQcTmBevae2jDeFEZ6VEQPw
1HwM5zlC5qNWhJtM00yXzG,UCZe87x5wDk_YUmdmfAGymPQ
6UBA15slIuadJ8h2lPRPos,UCJdoPEnnkvS744DCD_12scQ
2iE18Oxc8YSumAU232n4rW,UC61njVWfh29aExlrfE-2B5w
2iE18Oxc8YSumAU232n4rW,UCG16tbsOLv3EsQhhPFOknjQ
7nwUJBm0HE4ZxD3f5cy5ok,UCGDOBEUVPWkzmHo4dDa96zQ
7nwUJBm0HE4ZxD3f5cy5ok,UCSuWu2ZVL3kRmKtCggqskQQ
2BTZIqw0ntH9MvilQ3ewNY,UC8vzbjthwDMK8dAHEte6eMQ
1XkoF8ryArs86LZvFOkbyr,UCj5CgwX_iJEqJsqUJyYjg4A
3EA9hVIzKfFiQI0Kikz2wo,UCb4JB8-ZAeceuR7EPCPOPzg
3gMaNLQm7D9MornNILzdSl,UCqBNd0XhYrv8OFlyr4fufdA
3gMaNLQm7D9MornNILzdSl,UCM3iG_kXUM_9HHVIDI7vEtg
7K78lVZ8XzkjfRSI7570FF,UCr8cOYxkxaG_NOjQMd6D_CQ
5AyEXCtu3xnnsTGCo4RVZh,UCYsLvn5A8481MCtzSwJNdww
74cb3MG0x0BOnYNW1uXYnM,UCsOoQeBWPnfWBYAwmO795zg
2e4nwiX8ZCU09LGLOpeqTH,UC2ScTcowKLzbyCl8ogJ_KKg
5Z1CCuBsyhEHngq3U5IraY,UCPH9tUyrdCyygc8xIHJenNQ
5Z1CCuBsyhEHngq3U5IraY,UCqljQ3DHw8sTiPw5WLArNuA
4RVnAU35WRWra6OZ3CbbMA,UCyd8nl1opqfEVwJer32vURA
2wIVse2owClT7go1WT98tk,UC_u0CLjE2CglTTAS_WX-zCg
7fAKtXSdNInWAIf0jVUz65,UCa61SNyOCMWaL2PPEM-Qz6w
7lbSsjYACZHn1MSDXPxNF2,UChcgcbX3zMBwd0wTJyy2JlA
6roFdX1y5BYSbp60OTJWMd,UC2mK990tp7umnN6Y-DEGpDg
3grHWM9bx2E9vwJCdlRv9O,UCB1W3WXbDmsEG_hQLxYALgg
23wEWD21D4TPYiJugoXmYb,UCgyFSSvdNv3MC_atQPqM_XA
23wEWD21D4TPYiJugoXmYb,UCwhR7Yzx_liQ-mR4nMUHhkg
23wEWD21D4TPYiJugoXmYb,UCzy5cqx6IGmlR90biGw5Lnw
6IE6z7DcZIT4Ml3Fh5Ivch,UCZ-LXqc3x6vL5f8XQvEBVaA
5rQoBDKFnd1n6BkdbgVaRL,UC8MyBFjXbTezvZgMTEBFwgA
76fuWYgIf3TVIopTs3vaJ6,UCaROBZOfWIBrklgmdHFgUbg
5vBSrE1xujD2FXYRarbAXc,UC9MNPh0ZtaDW0t-v7DlOEQA
5gznATMVO85ZcLTkE9ULU7,UCdIs5dRqgZ1IWOdLZimHL_w
3OsRAKCvk37zwYcnzRf5XF,UCkkiTV-Lnt-m3DQp-ZeFdkA
4pejUc4iciQfgdX6OKulQn,UCAqa6dDmCH4XwipdfxoMo4Q
7MhMgCo0Bl0Kukl93PZbYS,UCI3EFb2lvZyBMykNd64JDhg
7MhMgCo0Bl0Kukl93PZbYS,UCLdfTpBoh9G_DI3OURnIFOQ
08F3Y3SctIlsOEmKd6dnH8,UCo0pv-U5bTDLlfdROjmCCGg
08F3Y3SctIlsOEmKd6dnH8,UCWQZ8TaDxcwMNiKcFOZpa6g
4W3fa7tiXGVXl3KilbACqt,UCa38HkuUiibKmC4LwoBO8Ag
14pVkFUHDL207LzLHtSA18,UChTDORxN3YPmasEurM6kRoA
7oPgCQqMMXEXrNau5vxYZP,UC-rX_f6vueiRY0E75gBNQ0g
1Vvvx45Apu6dQqwuZQxtgW,UCKE0Xnj818IDaHvIcRiq0Bg
4tpUmLEVLCGFr93o8hFFIB,UCiNz8SJChrsACj3MKj_0QEA
7EK1bQADBoqbYXnT4Cqv9w,UCB2ADTh5dbYcI46S-_ju7ww
3crnzLy8R4lVwaigKEOz7V,UCc-lKM4_OHLDDtvC1KFUIAQ
4etuCZVdP8yiNPn4xf0ie5,UCRZPKE-1WmcljvmOGFOGgYA
7mWCSSOYqm4E9mB7V4ot6S,UCpt6OaDIQ8YEXXF0Hl2v6VA
61J0BktHv7PuP3tjTPYXSX,UC-6TzsYLnG8R-K-r-rVaaeA
4NEYQeEYBUjfaXgDQGvFvu,UCB6y3fGQ3CWHF0nkrFAj1bQ
4BoRxUdrcgbbq1rxJvvhg9,UCm3MHjUa5oXEKRe-yMx2Fvg
4BoRxUdrcgbbq1rxJvvhg9,UCrGhWcQFUqVfUt1tkufxn5g
6qhOH2mrlqUDod9sWA5kR2,UC5D-hftrs8cVUeW3we-VHXw
0MvSBMGRQJY3mRwIbJsqF1,UC21STFbJjiTnlv60q4SgLUA
3r17AfJCCUqC9Lf0OAc73G,UCCJ_1t1xHtks-cv1IU6EAWw
3r17AfJCCUqC9Lf0OAc73G,UCDAtMQlTXquEjxFHZvJ-Mxg
7LnaAXbDVIL75IVPnndf7w,UC8M3WivWgoljGSB1MTnx2gA
7LnaAXbDVIL75IVPnndf7w,UClAwmyyLqLfHbTVYwIIwVAw
7LnaAXbDVIL75IVPnndf7w,UCyqVl85TaMgopGnNSD69OEg
4uoz4FUMvpeyGClFTTDBsD,UCsTl5H5X4SvTUkCCaMbAWyg
2NdeV5rLm47xAvogXrYhJX,UClc5Eis2-L2JCcN62jmD21w
2NdeV5rLm47xAvogXrYhJX,UCypRipZQkVU_TZYa6WgSMvg
2yQf6b8hxahZaT5dHlWaB1,UCE7CGq5CJQGA7V287kvs-aw
2yQf6b8hxahZaT5dHlWaB1,UCIybLvQYy3iu4CzaCl93fIQ
0a1gHP0HAqALbEyxaD5Ngn,UCGU4r5GpJcsGImckTkldSAQ
5as8A4G47Ohu9NSWs3Je8U,UC68zY8Df_wOJcVrQL3kJjbw
5LhTec3c7dcqBvpLRWbMcf,UCu8p4aaEDzHNuLyjo3IJCKA
1bs7HoMkSyQwcobCpE9KpN,UCkTnQRDlSWKfXdxzXRgJmhA
3CkvROUTQ6nRi9yQOcsB50,UChv9FR8xwUxEkdBUVu4VUOw
3CkvROUTQ6nRi9yQOcsB50,UCqlnY5lvEp6F52AZSql04qQ
3CkvROUTQ6nRi9yQOcsB50,UCVHLRJcnRMVBIpdinBLuQwA
34EP7KEpOjXcM2TCat1ISk,UC1wNaX00osCIK4VjwboFqzA
34EP7KEpOjXcM2TCat1ISk,UCl0q_XqiWDMA-Q9SzUO3y-Q
34EP7KEpOjXcM2TCat1ISk,UCXu9UDG9BQTUe514_7OmLGg
67ea9eGLXYMsO2eYQRui3w,UCUtwj-3S97bj3lYDVxDKtlQ
09xj0S68Y1OU1vHMCZAIvz,UC_5bueJxjzBN94UoXIjnE-A
3YcBF2ttyueytpXtEzn1Za,UC8FhfVPXx7ac7araOiNkTYw
3YcBF2ttyueytpXtEzn1Za,UCiLgtimaqmJrTIu3FIHFOVg
1OAjDaKgg00KCUYqDe68un,UC7Sqfp5sOFUI4436LBoB_JQ
1OAjDaKgg00KCUYqDe68un,UCsyM7tKqxIR-sGPnr8yn-Ng
0NKDgy9j66h3DLnN8qu1bB,UCyduOPMIl8N6vlyJxRo2v7g
0NKDgy9j66h3DLnN8qu1bB,UCYkW00cPFkp1UzYON7XZB2A
5ZNxiPcbKgaNcBrERMpqeu,UC6nMOIbArzvza6npl0irIWw
3rIZMv9rysU7JkLzEaC5Jp,UCxzIGPpp-8XdTLY83zTeUXA
293zczrfYafIItmnmM3coR,UCjsrlAJyfzPeBIPbinoCnSQ
293zczrfYafIItmnmM3coR,UCk0YBqtXKF9p-nfyjVoW9Cg
7G1GBhoKtEPnP86X2PvEYO,UCqj1HtTq76Bo6rBXNwrF5Uw
7G1GBhoKtEPnP86X2PvEYO,UCJ-FRbWianyv9q-Ly9whFQQ
5YFS41yoX0YuFY39fq21oN,UCFdlShE75U5X6nuYAURJ3Hg
5YFS41yoX0YuFY39fq21oN,UClbhAkGCr1orTmxPgDTyXJA
7nzSoJISlVJsn7O0yTeMOB,UCeoT9BqyKRktIHvQnWE8zug
7nzSoJISlVJsn7O0yTeMOB,UCxyzciBLt1Hyw06dlqwAIkw
0vEsuISMWAKNctLlUAhSZC,UC7ZujKO4WDplOaj4wpYDyVQ
69MEO1AADKg1IZrq2XLzo5,UC6jd0WZLAp0LGcAyiJiDgBQ
0lZoBs4Pzo7R89JM9lxwoT,UC3Pb3fztIUVLCisYZgygcjg
2UZMlIwnkgAEDBsw1Rejkn,UCvYomLPMwUr1FAXRMGhVfCQ
3HrbmsYpKjWH1lzhad7alj,UCOFm_j0F5igEmydrjg1mMHw
39T6qqI0jDtSWWioX8eGJz,UCChUINpPbvMLZkBjwPU4t6A
5Dl3HXZjG6ZOWT5cV375lk,UCHWa5v6bbSxpns7mUfC3e5g
4xXCRXOfQKQ2gjWxNhNzYW,UCLIx3q_0KLVHAxgxsvh_vSQ
2CvCyf1gEVhI0mX6aFXmVI,UCRfCiKTwOOKV8aoxE9M44bA
1zuJe6b1roixEKMOtyrEak,UCfBkblXPcSNt784AZz5J6AQ
5K0rbdBrs2tNXe5LeWMATT,UCRKkYBaoEIaE6dIcIYZ1T5Q
0uq5PttqEjj3IH1bzwcrXF,UCc3_ZthcYkMidoyly5kr83w
0uq5PttqEjj3IH1bzwcrXF,UCnGcCZ0hZT6WJxTUZJqtOMA
7mEIug7XUlQHikrFxjTWes,UCtPHmTX4_qC_h5cerkmLThQ
6Ff53KvcvAj5U7Z1vojB5o,UCjkyfFH-MWZhasolgds05EA
4aeIWo5CMF1uRmqgJdwkZW,UC7eoqLsLRu18nqF_xetFnmQ
2w9zwq3AktTeYYMuhMjju8,UCr8RbU-D7iSvpy0ZO-AasoQ
0vn7UBvSQECKJm2817Yf1P,UCBfrXu99z5Pr2NzruCDxMng
0vn7UBvSQECKJm2817Yf1P,UCrbbXRLgMFYYCHPpregTcyQ
72OaDtakiy6yFqkt4TsiFt,UCmoUgBTHRydApyOeqlDF1oQ
0TImkz4nPqjegtVSMZnMRq,UCxkBNnXKgt7_-W80LBMEDMQ
0TImkz4nPqjegtVSMZnMRq,UCMUzGYjI0Be6RhNEk_1fpXg
2bA6fzP0lMAQ4kz6CF61w8,UCFGqp-AuKZQXAx95K8fPbAA
2bA6fzP0lMAQ4kz6CF61w8,UCKB_bev_I9nJqOw8CNlFB6A
5cB4d4jPYjMT326sjihQ4m,UC_03rF65ZuLX5kVBmBBOupg
1eYhYunlNJlDoQhtYBvPsi,UClapQBGYNOoLYmCct6e3B5Q
1eYhYunlNJlDoQhtYBvPsi,UCuDb3PN8JzDZLY-TUosFkgw
568ZhdwyaiCyOGJRtNYhWf,UChFONkdHg3zrt3zaHmx1bKA
2tRsMl4eGxwoNabM08Dm4I,UC48vpdaG8NDvEGLj11XPPZQ
0cQbJU1aAzvbEmTuljWLlF,UCtJXMyhnbdIQrCSDwAeJlNw
3VNITwohbvU5Wuy5PC6dsI,UCX8pxyrMe7tJDhpM2DRgHvw
459INk8vcC0ebEef82WjIK,UCUROzjdfvV996Ow-GqUGsUw
6O2zJ0tId7g07yzHtX0yap,UCppDTVlStRaBhBrifooOOWg
43sZBwHjahUvgbx1WNIkIz,UCis-JwIzHYm1mKnNyPz9RJg
43sZBwHjahUvgbx1WNIkIz,UCP-tFf_VMQzhyeKMONL1KvQ
2FS22haX3FYbyOsUAkuYqZ,UCS7dfokaYTjV6M-cLJEW5RA
3OKg7YbOIatODzkRIbLJR4,UCa_UMppcMsHIzb5LDx1u9zQ
09hVIj6vWgoCDtT03h8ZCa,UC2Vr5tlVtYMm46jMU9vjoyA
6BrvowZBreEkXzJQMpL174,UCPT5Q93YbgJ_7du1gV7UHQQ
7IfculRW2WXyzNQ8djX8WX,UC36iCaFC7QmEMWjOPUTDJmA
1l2ekx5skC4gJH8djERwh1,UC8y7Xa0E1Lo6PnVsu2KJbOA
2ycnb8Er79LoH2AsR5ldjh,UC9UhWlkLfeypFt7pp7v_aBw
2ycnb8Er79LoH2AsR5ldjh,UCn9W4PujTNjq4C_vlOgpyow
79bxUQsBIXO8nVLB9fYKf7,UCmvtGezn6LpfUN1QW0aEaTg
6gZq1Q6bdOxsUPUG1TaFbF,UCe9rl8k6yymUeVzzXfFGWwA
7FIoB5PHdrMZVC3q2HE5MS,UCGVnHHo1u7Xfyht_psktcUQ
7FIoB5PHdrMZVC3q2HE5MS,UCruKOlQdeAU0svDj0Bz54-A
7HGNYPmbDrMkylWqeFCOIQ,UCbEWK-hyGIoEVyH7ftg8-uA
2lolQgalUvZDfp5vvVtTYV,UCtCM_6Hb76yWu2oKS59l-mw
2lolQgalUvZDfp5vvVtTYV,UCwo4ZnAcFI-AyDsitZvBRvg
6P7H3ai06vU1sGvdpBwDmE,UCvnGL-FVjYVe_0YJKxLlwqA
3ScY9CQxNLQei8Umvpx5g6,UC9AZd4iksgpbPbWlHCTgYFw
3ScY9CQxNLQei8Umvpx5g6,UCRGfhmYGDuprNIjtZjrLhNQ
0urTpYCsixqZwgNTkPJOJ4,UCOHeswRskPYl7ZhJ-2B3abA
7i9j813KFoSBMldGqlh2Z1,UC2Q49YuDY5N-aGfB9pW6RHw
1vfezMIyCr4XUdYRaKIKi3,UCznrMQtAIr5-isdho4YQoMA
1d6dwipPrsFSJVmFTTdFSS,UCuxn1zFiLGD-T43TSk9YqSg
6Ha4aES39QiVjR0L2lwuwq,UC-BN_2GM8EEd6w03EHyvtmw
2mxe0TnaNL039ysAj51xPQ,UCkln_Dk0Ej9N5yudDTHDwxw
6J7biCazzYhU3gM9j1wfid,UCd8wWXk6fSa8b8WaZbpWgvg
6RZUqkomCmb8zCRqc9eznB,UC2b9IFlgcfZ_2TOW_BQTh0A
74NBPbyyftqJ4SpDZ4c1Ed,UCsObT2rCuM4f9ABCmHCEVBw
0X380XXQSNBYuleKzav5UO,UC4a5d57ZAWl999-YXw0C1Vg
0X380XXQSNBYuleKzav5UO,UC8txE2ZyN2Sh8XxH5OkHLSw
41qil2VaGbD194gaEcmmyx,UCHR5uCAuIDNbLfPLJcdScZw
41qil2VaGbD194gaEcmmyx,UCKuHFYu3smtrl2AwwMOXOlg
3qAPxVwIQRBuz5ImPUxpZT,UCDOkA4mO0BgCGM0U1w7hNpg
0SD4eZCN4Kr0wQk56hCdh2,UCYPymLmMIXZEbPGZCep2P9A
6O74knDqdv3XaWtkII7Xjp,UCAL9Wqcg-OmP2p-2zDDRGDg
6O74knDqdv3XaWtkII7Xjp,UCIP_rqrDBiovNIbHLve7nNA
3pO5VjZ4wOHCMBXOvbMISG,UCDg8OKNNZEvWvMAYtXZMPMQ
7dOBabd5O4CvKrg4iriHTM,UCjwhEPNX5rsU6gl_8qZMQZg
3vAaWhdBR38Q02ohXqaNHT,UCLcmWbIQrvGd3cGSPpwcwQQ
3vAaWhdBR38Q02ohXqaNHT,UCSJfjbTHLKj1H2-oqi6jN8Q
2hl0xAkS2AIRAu23TVMBG1,UC2wAI2YT-k29MpB3JZ8NEfQ
5BMgsAFg8rZQc3tqs5BB8G,UC9P6y7YXtvsxGNynT1y7ORg
3RwQ26hR2tJtA8F9p2n7jG,UCee8VNCWfOCYccbFhDM8B_A
34jw2BbxjoYalTp8cJFCPv,UCsFPCqkPsesPa8XxN1pJx-w
4TKTii6gnOnUXQHyuo9JaD,UC89Lupwwv9ANeuxfDRXo7mQ
5spEJXLwD1sKUdC2bnOHPg,UCjSkdzVdUS1crC89RI2cNWw
3Ngh2zDBRPEriyxQDAMKd1,UC3Xu7mc5Zzep3lV17hqbs5A
3MdG05syQeRYPPcClLaUGl,UCAzvIPluG5x-iosA1C4LV9g
3MdG05syQeRYPPcClLaUGl,UCP-6vOnN6GHZtJz0719GyDg
4tujQJicOnuZRLiBFdp3Ou,UCMqLx2g4eAN3_gJ2qefQ0Xg
0YWxKQj2Go9CGHCp77UOyy,UCPGTwnuYHJ0nb6osWd9v7gg
0vRvGUQVUjytro0xpb26bs,UC9iPVgY-pv8Af7T75ujpiuw
2yMN0IP20GOaN6q0p0zL5k,UCnxZBLfmnZwjh8vSg6Kt-Dg
7FY5V3XMwlNBPitEjXowHQ,UCB-TQff4X_2z6QejzXDXIbw
7FY5V3XMwlNBPitEjXowHQ,UCqjLqQY15lmXBuaK08dzKDw
7dzq55YG3wjViqexDwiycQ,UC4FK6Ki675LB-rkbD8O7ayg
2JY5qzEozvTdogkDTkkOMf,UC5vVe2R4ucoMzJP53o38Yaw
25IG9fa7cbdmCIy3OnuH57,UCCiF68IcKFzbQmQaittzMKg
25IG9fa7cbdmCIy3OnuH57,UCu2L8AfbVwqHhT3ME89hq_Q
5T2I75UlGBcWd5nVyfmL13,UCaFEpmm_3pB6K9gJjCToKBQ
6pRi6EIPXz4QJEOEsBaA0m,UCPsidN2_ud0ilOHAEoegVLQ
6pRi6EIPXz4QJEOEsBaA0m,UCsNH0JAvjeNjwJKrS_509EA
4BwiodzEp9Hwes5HeFjMVK,UC_719D0uWtzgd4eUivqvcdw
4BwiodzEp9Hwes5HeFjMVK,UC-dJ1kR-1EuaH19j2Q65v-Q
1nIUhcKHnK6iyumRyoV68C,UCpUP3fnfUA2FLtlQ2iBwR8g
1nIUhcKHnK6iyumRyoV68C,UCUAwOBo-ZZ8S8cIH0SGoXpg
5l8VQNuIg0turYE1VtM9zV,UCi25ui2o4rPCkC1eyPP1DAQ
2WKdxPFRD7IqZvlIAvhMgY,UCKEBHtM14rUaNpWVpX_vkHw
5aYyPjAsLj7UzANzdupwnS,UCRmbFkjfC6AsYHfCtOE0S5g
1DFr97A9HnbV3SKTJFu62M,UCbPCDmtTU-W4SdA8abZtWpA
2NPduAUeLVsfIauhRwuft1,UCQplaZZ2mv8fo8Zd-1hQPzg
4ssUf5gLb1GBLxi1BhPrVt,UCKQqfid4_xer7mNlGTJqncQ
4TMHGUX5WI7OOm53PqSDAT,UC9dWluHyEwvIj5NNs7KkJ0A
4TMHGUX5WI7OOm53PqSDAT,UCPuuuhmMW7jh6roOrIV9yRw
0JDkhL4rjiPNEp92jAgJnS,UC2imRvD8-2lCBnWM95JrOGQ
7crPfGd2k81ekOoSqQKWWz,UCfO0DvLW0NPwtLcxD6_nHEg
7crPfGd2k81ekOoSqQKWWz,UCNk73lPOgAB_rRmUXDfp0Vw
7ohlPA8dRBtCf92zaZCaaB,UCaY4Qzbi0DVPX-c5Pvf-yxg
57ylwQTnFnIhJh4nu4rxCs,UC9qjDzIQoyW3USlw__qdmnQ
57ylwQTnFnIhJh4nu4rxCs,UCcX2ZgyB4ImYO3uP_ul2MNA
0HlxL5hisLf59ETEPM3cUA,UCZuJMSiCDWGaYmKAvt990ng
5IFCkqu9J6xdWeYMk5I889,UCfLOtv9PwkKWff1syoz2LwQ
0grdhNhiRLFBaFVyybqsj6,UCSR0-cR2ipqwxWi5herawBA
5KEG7G8LDYlHgFDqZyEEs2,UCxAyTYl5l86rrqpvM-_sEKg
5Qi4Bb7a8C0a00NZcA77L0,UChGnS1Cj7EGy_Wts9oYd4jA
5RwfJb8wxN1fuodcPORVxP,UCTo3VmHW_VwkNu3KV1hPu5A
4qwGe91Bz9K2T8jXTZ815W,UCz8ZHx5wFQpXWywaL2uqevw
6vbY3hOaCAhC7VjucswgdS,UCLSuQaxk_Lxw8nWjhIFvQwg
2z2TRvloJt4EfUNQp9rHAi,UChrLHImT12OXBPl3AlBJuxQ
2z2TRvloJt4EfUNQp9rHAi,UCKurmIrG5nSFMdpCAvN5FqA
40KlwpvpKEQtZTJgbml8lT,UCgBwHAuktyQLOCmx2u4dl3Q
7wOZy3KdFVVINgNFFxkxwO,UCJ6fVRlKcor41vBdhJ9IMXw
3jc496ljiyrS3ECrD7QiqL,UCMSvtHZgu0-n6ISejwL8rAw
2hGh5VOeeqimQFxqXvfCUf,UCGiKlUaxFFNXkEYIW6mfbBQ
2hGh5VOeeqimQFxqXvfCUf,UCH4T2kv7rr9qnuP0DOXLxMA
33EUXrFKGjpUSGacqEHhU4,UCN2OwEXNYJFzgHvR7912Btg
33EUXrFKGjpUSGacqEHhU4,UCRkrwxsHkK5pY8es61J5oGg
3rfgbfpPSfXY40lzRK7Syt,UCBZiKv2PkFW7qa6YVpQglxw
1xU878Z1QtBldR7ru9owdU,UCNDAbwbXmmgosddFdUyRWwg
6GfiCQDFYANz5wUkSmb3Dr,UCv8xpzILpS2IKEd8CUuGd-Q
3vbKDsSS70ZX9D2OcvbZmS,UC8fxkahdLdfHk8pF1fRYD-w
3vbKDsSS70ZX9D2OcvbZmS,UCqFji0pQ0tIH7b_50KAgqLg
0cmWgDlu9CwTgxPhf403hb,UCgyl5xVlLLUZVpgfMGw-ETA
1YzCsTRb22dQkh9lghPIrp,UCwO6O7HAOHQ7_FgI28QWtvQ
2iEvnFsWxR0Syqu2JNopAd,UCgGEU8jHmCNtFI7n_AG-03g
2iEvnFsWxR0Syqu2JNopAd,UCney_E5ANuRPZqOaIuAwz2A
3pFCERyEiP5xeN2EsPXhjI,UCxuJgU_RrAKETUInMzpbfkg
1TrfxjXu8quyDw05p2bacX,UCL4ip7HIJkCLS0890IyYNGg
5ixQSDvAMa5O758xG8MWXT,UCqvzFW0qco9B_9rirRoRldg
3jO7X5KupvwmWTHGtHgcgo,UCwdcsrSoGZLPNpRurWqySAA
2JyWXPbkqI5ZJa3gwqVa0c,UCHPdFezF_hIiofXqBTXkokg
3lPQ2Fk5JOwGWAF3ORFCqH,UCzYJCeitN60eTc9UZvvRDoA
5tth2a3v0sWwV1C7bApBdX,UCbcr80Mcwa7bDEtsKmN7qXA
5tth2a3v0sWwV1C7bApBdX,UCtP6hcVFEsekgnA9z1BYzcA
5VX8hxrcfJWwaTLiqGUHG3,UCl_X3EjSITWnwFVsq0hUvew
3qZ2n5keOAat1SoF6bHwmb,UCCKRUVah2xcFvjQnAwUXWlw
5pnbUBPifNnlusY8kTBivi,UCCbq6JpEv3h2N6NHCzYkDqg
5pnbUBPifNnlusY8kTBivi,UCLB97I4RY2RigxjSF6b9DkQ
5pnbUBPifNnlusY8kTBivi,UCtgewhJNJ03XJEkBkYBcZww
13YmWQJFwgZrd4bf5IjMY4,UCjjFKRDdhWbvAQEG7cNs5qQ
2dyeCWctcFRt3Pha76ONgb,UCOI7A4WThuqaxDAxwc8kliw
05oH07COxkXKIMt6mIPRee,UCYyLyRGNmzYNaX_PVPbotRA
0rSTXALHu0EKAawPLBdODH,UC4EZ1VRVao2-bByh-x8O6PQ
7iWcRnQMinCoV2u5ICgsW0,UC5x11zriypVlJH73_h_8o4w
2LJxr7Pt3JnP60eLxwbDOu,UCnvbNxQSM_QlI9_jou2uhrw
432R46LaYsJZV2Gmc4jUV5,UCMnHk6_QgQT1KQkbUlxhTYw
06nsZ3qSOYZ2hPVIMcr1IN,UCHY-LYY6ufZvd_40Ag9NMcA
0GDGKpJFhVpcjIGF8N6Ewt,UC34wpCgr3l9cG0RtFdTTS-Q
6twIAGnYuIT1pncMAsXnEm,UC2Q68DxvOG_9_ZQX_ZF4ITw
3rxeQlsv0Sc2nyYaZ5W71T,UCVNfRXuaWVILL9giCEg0rQg
1yAwtBaoHLEDWAnWR87hBT,UCBEGcyJUC-0SFTJ1t45yOzw
1yAwtBaoHLEDWAnWR87hBT,UCIJdJU2RCaOieKNh7vCxWCA
3JFsVIxOn7STeilPICkkB2,UC0Ri4yolakY_tb7RdcvzQ2g
3JFsVIxOn7STeilPICkkB2,UC4_yA-FDGB3Zwmk96E7yujA
0YrtvWJMgSdVrk3SfNjTbx,UCOtn115fCfFKIxG7_Quv9ZA
5nLYd9ST4Cnwy6NHaCxbj8,UCse-L5jdWjkURTdqbc59eWw
0GByy3DcfbQwDvXGCWmzv9,UC4oEfUAo2t1rJgM73BtO--g
7C4sUpWGlTy7IANjruj02I,UCmcjOnFmIlg-LqTocHbQkFw
7C4sUpWGlTy7IANjruj02I,UCRLD4l_mxKZcKGtoH6KOvDw
4xtWjIlVuZwTCeqVAsgEXy,UC1kxQJwhVuZyheS1XKpzAHQ
7Js6Lde8thlIHXggv2SCBz,UCcVWnNUkJcqn2-7QUIk_wIQ
3UbyYnvNIT5DFXU4WgiGpP,UCdUzfHh6yiFUkdIfbbvCEQg
7oEkUINVIj1Nr3Wnj8tzqr,UCStXqgyucmicmfhpvnJK6cw
5l4nhyz8876RhgE2d18h65,UCHubnYpuorQh5QglY2J60JQ
4rUyBlggM5tZUH5QZn9ZuO,UC16aF70kysMIJdz51HdMx9Q
49Z1AvGeUaBSanPaOmplK6,UCHkLu9m9qA7uu5jwMefB2dA
7jmTilWYlKOuavFfmQAcu6,UCvwLGtS025Kafufr8SsR_EQ
2eogQKWWoohI3BSnoG7E2U,UC6dX999wO3gBsS1qzm4I-KA
5NDMothbpdpq2xHqSjrrWn,UCJ-IaDIn7dqUsAjkRhMr8HA
0wi4yTYlGtEnbGo4ltZTib,UCjgTZwPfNbkzm6aUjG0pIlg
5re6NsyXzHg6uvNimzQ3F6,UCp6gxyU1Onf4uq2DFExLjEg
25NQNriVT2YbSW80ILRWJa,UCiYz468hinIFtTokZ54pQ_g
25NQNriVT2YbSW80ILRWJa,UCrgWiquB-NYsL3O6D-Lm9_A
1qma7XhwZotCAucL7NHVLY,UCXteDRy5qB0IjA8WPusCJ7w
5AboYJAlMb9FGadTTDKRoN,UCsHhF2X0RGM8Asz6YrFkb_Q
1nJvji2KIlWSseXRSlNYsC,UCXNWrugB_J3sRBYR9idQWzg
32ogthv0BdaSMPml02X9YB,UC4IpV5hKYMP5dBqsKRrXjOA
32ogthv0BdaSMPml02X9YB,UCIzsJBIyo8hhpFm1NK0uLgw
5KDIH2gF0VpelTqyQS7udb,UCygNV8cau_ZC22-Y7TlPpCw
0FMucZsEnCxs5pqBjHjIc8,UCD34EEHvQlLswufPsoY1qSw
0FMucZsEnCxs5pqBjHjIc8,UCITWDrIiWv0Y-zj8xrvoY-Q
2TI7qyDE0QfyOlnbtfDo7L,UCQv0bxIpI_K0zmmCBTOttAQ
0xliTEbFfy5HQHvsTknTkX,UCObmDvjXCn62yi-aOuGP5Yg
5PokPZn11xzZXyXSfnvIM3,UCJVhvnXSXF-raZDl6O2BlrQ
0hSFeqPehe7FtCNWuQ6Bsy,UCOfESRUR5duQ2hMnTQ4oqhA
1bj5GrcLom5gZFF5t949Xl,UCL_XuR9jOkgivUmZGaXPEeA
5RK6c1tyaKpwcDpbgCGNgj,UCDb_skTTFMn9MAj-WKrXsHg
3EhbVgyfGd7HkpsagwL9GS,UCJQa4Ah9-Qf36bl1JhkAaYA
7dnB1wSxbYa8CejeVg98hz,UCLOy9a02FwlHySZW9RrVa3A
3NRFinRTEqUCfaTTZmk8ek,UCocAlqGOU7BqzKc87qx6WUg
3NRFinRTEqUCfaTTZmk8ek,UCVjBBKmklyAiWukoTU1vHRg
7jZM5w05mGhw6wTB1okhD9,UCK-INiAxSg27L8DQ6HIoHGQ
3TaTCYiv3QcamWjvRCcz6Q,UCW_lqpcr7vG3nNqUMcc1TGg
3C4MmUJYQN9svNdedAR2BK,UCgnfF9I1xkMXNpDh5AGXwOg
5qBZETtyzfYnXOobDXbmcD,UCjhIy2xUURhJvN0S7s_ztuw
7FnZWGw9lwOr7WzieTKEPR,UCbVxcCD25pMVM4RVPb15DVA
4N8BwYTEC6XqykGvXXlmfv,UChrbSeE9HULE3VBPAMr2dtw
6I3M904Y9IwgDjrQ9pANiB,UCLP1LFCaIifzrpyUX2o0xiA
4FtSnMlCVxCswABUmdhwpm,UCtVkLGyanc902-zj4EJce5w
26s8LSolLfCIY88ysQbIuT,UCARHA7fV-p4g3RFnWOlPl-w
26s8LSolLfCIY88ysQbIuT,UCH7dNHRWzjBGgVPbS6_wedQ
5Wabl1lPdNOeIn0SQ5A1mp,UCle3lHYlHgugefCCr78N1Gw
6V3F8MZrOKdT9fU686ybE9,UC9f-u24P4TP4bUcmSiA6JEw
1pTuR132U5b4Rizal2Pr7m,UC0ZeCRlZUeirgDc3sQ823Gw
2M4Yt7oKGoYd0wqU44k4i2,UCRax-dtd_mhOlR1vijJfK4g
4x7kxyIgzgtrHYDQ8SCzo2,UCD_gOHOuDqEbZfwzrk18pxQ
1XYuC1vxinTjHCNd5clB8C,UCP7Gw_YZAuh4Yg2fcdcuumQ
4W31XN2JH8mC54NkHdh04s,UCnSzFNjSypxCHt21bs14oOg
5ksRONqssB7BR161NTtJAm,UCansLl8T6imFHqOhfXoAHmg
1T0wRBO0CK0vK8ouUMqEl5,UCy2JIPsxsCoDK3M1BcEVGGA
6YHEMoNPbcheiWS2haGzkn,UCqXWNpFTfC62WKG3N_N7qKA
7GaxyUddsPok8BuhxN6OUW,UCOCZxe0gNRA7c3PGWPGoiGg
6aq8T2RcspxVOGgMrTzjWc,UC711Usxsc9iHmxF0WI6aObg
6aq8T2RcspxVOGgMrTzjWc,UCqx2-vXNXURrhxbXD0zSIUw
3mQBpAOMWYqAZyxtyeo4Lo,UCHM4DtlvPVh9VdpmCo___Lw
00tVTdpEhQQw1bqdu8RCx2,UCKnUGg15_Whg8GfPtI0jLBQ
7w29UYBi0qsHi5RTcv3lmA,UCAjidy3vxRkgGVNIFqZMl_Q
7w29UYBi0qsHi5RTcv3lmA,UCFbRdRGijPR4oBjQ0fVCSmw
6V6WCgi7waF55bJmylC4H5,UCgVq3HlmkLoh9CFt9i7Syug
2hgP9Ap2tc10R5jrQaEpMT,UCHgDHM1lmkadG-uYhPfrbdw
2hgP9Ap2tc10R5jrQaEpMT,UChnkfv0G07vf-9vhFNEX-AA
7EM9m7HOXxVgP9oEpDDv70,UC_wrATnEKU3ShAbTzHOx7qg
0Y8KmFkKOgJybpVobn1onU,UCW6fCo6_MxY0wHkNrUpojTg
559vxOLTzlAv0zB77JMcdG,UC785M9D8B5H5CdUDuJHy8Ig
6TcnmlCSxihzWOQJ8k0rNS,UCHdCnspLnD7bgi_U6E44W6g
3EAHF3jdnHHdko5DBrhRUP,UCo00fLTBosL4EGGhi164cEQ
3cQA9WH8liZfeja1DxcDYE,UC6BVhAbgFWg2gsjABdBFbFw
5dbuFbrHa1SJlQhQX9OUJ2,UC30e-7GsGXjPA73qUnKcWhg
3X458ddYA2YcVWuVIGGOYe,UCWNM-V1rS3vBRk4nR007E6A
4Z0yuwHVJBROVZqFpTIr0d,UCWt6sVDhux5fyQmvl4c4tKw
1OFOShsIbhy1l5x73yuVyB,UC3Ffys8TNCgwg_I4KYIsuIw
5OTt6O4Q22YsqZDaWV6FqC,UCW7oWeD9TLlFizFhRCGUj3Q
7BJjzi0JHyDHAsmVe21dGa,UCOWtZXFwsgdCdMpSijwb9Bg
4NgfOZCL9Ml67xzM0xzIvC,UCFlM0rQaEvMGxNQtXhYhTnQ
4NgfOZCL9Ml67xzM0xzIvC,UCKyaJBtxvX9EAYK37GQLXDg
4Y7tXHSEejGu1vQ9bwDdXW,UCCbP5cOWp9s75x_r6xq7LcQ
74oJ4qxwOZvX6oSsu1DGnw,UCijutLKQjb9a_aA33NmoECw
7w9jdhcgHNdiPeNPUoFSlx,UCcIRZxNH7xcEt1fu4pfqFRg
64rxQRJsLgZwHHyWKB8fiF,UCvRVb30lf7blziu2bHdWv1A
1XgFuvRd7r5g0h844A5ZUQ,UCCHmFNsh_Sg1QTmF_L62gMg
1XgFuvRd7r5g0h844A5ZUQ,UC3p0IP1v4OoJOKl-PS5g0_w
5R5MLOQbI4lb7GHYioPqoN,UC_gL3eSBR7dngPaWSbcccBg
6biWAmrHyiMkX49LkycGqQ,UCvBfm-GXTovLlApGVPfsP4g
7tmMPdOmFvdRvbj2aWoiRi,UCqH9unwjGufxNkeHAbayicg
5BwMgvRwlq61SmknvsVIQj,UCvRzNVtjYH8fumDk6FvRiHQ
0cwmNvclzPd8mQnoHuIksj,UC1ZJB8MepA7B7zQE8TmzQdQ
37394IP6uhnjIpsawpMu4l,UC54RgORww0lUMVq4NwdwANQ
695W5F2Ih8dYahLdjVOIoH,UCLDGBEnOxxcSBWbe3km6zOA
2M4eNCvV3CJUswavkhAQg2,UCLmiAyjk0uFbhQkO5tHRhNg
0cbL6CYnRqpAxf1evwUVQD,UCsJsxj9pPP8sZuaRiaNAavQ
0cbL6CYnRqpAxf1evwUVQD,UCTYF0A1kicvk4vBodfM41KA
1fBCIkoPOPCDLUxGuWNvyo,UCZGcHLEZkIQfW9Dvp84ta4g
2RJBv9wXbW6m539q9NOfW1,UCYne4N06sHVhRBXS0Lq5D8g
4NgNsOXSwIzXlUIJcpnNUp,UC_nbZ-HuskIqkICebzYX_0w
4NgNsOXSwIzXlUIJcpnNUp,UCpjtA09JRVkahmAxN4jyxAA
3nlHsNqwCSvT988ZfSW1Yh,UCfyGJ3AXu2Jc6ERTNxWQpgg
3nlHsNqwCSvT988ZfSW1Yh,UCWB3DM55nMdwcnyuU9xzOMw
5lkiCO9UQ8B23dZ1o0UV4m,UC1KYlOjI34ob_hicXVBuukA
0IF46mUS8NXjgHabxk2MCM,UCB_SEzbn0RC3UnetPdJdNkg
0IF46mUS8NXjgHabxk2MCM,UCFRqSV8SWQwWtEIWknLyf0w
0IF46mUS8NXjgHabxk2MCM,UCrghPDWg5OytAbhJ6ruIReQ
3g2kUQ6tHLLbmkV7T4GPtL,UC5dgHJR5MnbNzzkXWkU_CzQ
3g2kUQ6tHLLbmkV7T4GPtL,UCtuF-p5_86ajFS-49gXIlHw
10naVTwNjE50daQVrN0bXh,UCwU-2tzlV1_xG5TL7baa7ag
09KZU0NsS7jRa5p0SflmGY,UCKzx92ZqX1PKYTC-FC-CZRQ
2kreKea2n96dXjcyAU9j5N,UCx1A2WJjqW2nQcRXSXjapSw
3OqTvcWgb0xaainosGVvuZ,UCB3MvIfz-o8Gp44DT8q8vSg
16s0YTFcyjP4kgFwt7ktrY,UCQyweuVOAh3NHGKDDadRSbg
57bUPid8xztkieZfS7OlEV,UCDPKhKv0q7x0ZbEnKBkP44g
3IhWQSrLj8EJjdvjFTpCyo,UC-TOzskHjtkTyR7uxITK9FA
3IhWQSrLj8EJjdvjFTpCyo,UCF1oAbQVn9S34PnmQT87Q0A
6ns6XAOsw4B0nDUIovAOUO,UCiqVU64-lUZ9T0YaYliumsw
6ns6XAOsw4B0nDUIovAOUO,UCKAlg5o-q55tTPlsnl6wE0w
4z93wkjfGntA0XFqnv4wj7,UC4Fy4SJWqHPVy9QMs7d7CWg
2aKyKSggb31Kw9s9i3iXoo,UCK_FvuzJN7rP4k2Ppwnvj5g
2qn4hIXsvRUyFoboMi31XB,UCafNlR92d6W0e9ow_QHRx1w
6wWVKhxIU2cEi0K81v7HvP,UCYp3rk70ACGXQ4gFAiMr1SQ
1dfeR4HaWDbWqFHLkxsg1d,UCiMhD4jzUqG-IgPzUmmytRQ
31TPClRtHm23RisEBtV3X7,UC-y8ci7xfsu4L3zkSuHae0A
31TPClRtHm23RisEBtV3X7,UC6VwktUsQQDCkHG1h6YftAQ
4UXqAaa6dQYAk18Lv7PEgX,UC0NqJ6MhRnkRaWAmBgyyjTA
4UXqAaa6dQYAk18Lv7PEgX,UC2qWxZHgnlwDvcmLqP23jrA
1Cs0zKBU1kc0i8ypK3B9ai,UC1l7wYrva1qCH-wgqcHaaRg
0z4gvV4rjIZ9wHck67ucSV,UC6IBMCQ6-d7p41KHxOsq4RA
0z4gvV4rjIZ9wHck67ucSV,UCX2v47KsDKqajrEYFV7GbBg
33ScadVnbm2X8kkUqOkC6Z,UCD6aIT1MqFEwscbhuqr9fqw
33ScadVnbm2X8kkUqOkC6Z,UCnGjxxnmYTUxRl85hrjtEBg
360IAlyVv4PCEVjgyMZrxK,UCpOt14iqkbd6QjtBHicTXKQ
7n2Ycct7Beij7Dj7meI4X0,UCzgxx_DM2Dcb9Y1spb9mUJA
7n2Ycct7Beij7Dj7meI4X0,UCCRb6nYKaT8tzLA8CwDdUtw
4xRYI6VqpkE3UwrDrAZL8L,UC4EDjfs78AhVgpBqE3WFGJg
6deZN1bslXzeGvOLaLMOIF,UCx5IEfAbL5pqw3fgKgRi6DQ
6deZN1bslXzeGvOLaLMOIF,UCz8FPpkJMwayyReSDLTX8IQ
3BmGtnKgCSGYIUhmivXKWX,UCoRUmyNL8KEYftmxRA2n3SQ
0y59o4v8uw5crbN9M3JiL1,UCUQg_UBQfVjptn7Wqcgzz-w
762310PdDnwsDxAQxzQkfX,UCM-CWGUijAC-8idv6k6Fygw
762310PdDnwsDxAQxzQkfX,UC90vR_MFeheV3V6nmjvXIng
762310PdDnwsDxAQxzQkfX,UCL2ytWk3Co9Yph7Tp_dZ2lw
0epOFNiUfyON9EYx7Tpr6V,UC28OQSWdiW7jkadedZRRyZA
0epOFNiUfyON9EYx7Tpr6V,UC8N13xhRG78YQK7Ppc4Ytrg
4OBJLual30L7gRl5UkeRcT,UCsD7zvGKkqB7GvQpygW2few
5NGO30tJxFlKixkPSgXcFE,UC4CnFBpo6Zk8D6bmeXB0MTg
5NGO30tJxFlKixkPSgXcFE,UCbsRGw640UF_F7AIwHW-zmg
5NGO30tJxFlKixkPSgXcFE,UCuCY8MR9LcAGIXetnKx5SnQ
4vhNDa5ycK0ST968ek7kRr,UCcoTDF00osWsjkiO3eC9viw
4vhNDa5ycK0ST968ek7kRr,UChcn-n6L8vYHzsqOwOubdRQ
07XSN3sPlIlB2L2XNcTwJw,UCL0dlEc0rXV1CIawUKeme4g
07XSN3sPlIlB2L2XNcTwJw,UCyOw2FDjfQOFQH7paKxNVvA
0nmQIMXWTXfhgOBdNzhGOs,UCFcqi7MrlzIp9RMTtUlxE8g
085pc2PYOi8bGKj0PNjekA,UCVCdOaiHD05nGQm9tf1SEzw
6IdtcAwaNVAggwd6sCKgTI,UCfKrhcRSXO7W7-0pavvF1OA
6IdtcAwaNVAggwd6sCKgTI,UCjstvmhLQiLmNDr7tiswbQg
77tT1kLj6mCWtFNqiOmP9H,UCSRoN5Sxu5M-jc0JXt3E-xg
1aSxMhuvixZ8h9dK9jIDwL,UC31hY7kg7CUOBpdyn9d_gYA
0ONHkAv9pCAFxb0zJwDNTy,UCav5tmZJsDYJ7SC7vglxhnA
0ONHkAv9pCAFxb0zJwDNTy,UCoA_cEhtRi07_12Ib_k3yuw
1UTPBmNbXNTittyMJrNkvw,UC9nxc-xiH1AnL9RGstfgurg
2ydZrTy8U3kOMOzx20s3dg,UCAK2CX70bapi2BN5hiwFk6Q
7t0rwkOPGlDPEhaOcVtOt9,UC-kLG-pqsDB3y0jaUyNG2NA
7t0rwkOPGlDPEhaOcVtOt9,UCb0vzLwvr7xbJgdqMzejDhw
7t0rwkOPGlDPEhaOcVtOt9,UCF9i903aeMcvcapmP1bS1oA
6zvul52xwTWzilBZl6BUbT,UCEMVQmE2DNpGqdwJi7-o5LQ
6P6GTRTigHBp8ZesNtpCKH,UC1Favl8RzwbKEJN_D1oryRg
19k8AgwwTSxeaxkOuCQEJs,UCkaExJt4a766LcQrHe3Syyg
6wH6iStAh4KIaWfuhf0NYM,UCzGpxRavGnm6yym4Pt7B2sg
63MQldklfxkjYDoUE4Tppz,UC8WbdD3m5dP9giOU9XtAGWQ
6Wr3hh341P84m3EI8qdn9O,UChMKB2AHNpeuWhalpRYhUaw
6Wr3hh341P84m3EI8qdn9O,UCvDBqH87XVRQ31nz0JXLPGg
1eClJfHLoDI4rZe5HxzBFv,UCAldEKRD6LXGd8FAXI6Oo3w
4exLIFE8sISLr28sqG1qNX,UCoCAI5K8eiO2rT4I3BxsMTQ
3yDIp0kaq9EFKe07X1X2rz,UCl8SEpoDrxkD_Ld1teSat6A
2SHhfs4BiDxGQ3oxqf0UHY,UCjVf2FirkZsEW8LN6nZcnog
5MspMQqdVbdwP6ax3GXqum,UC1TecRIR-of2J6aBnEI_S_w
5nki7yRhxgM509M5ADlN1p,UC-EVnno6x6-aAG6g1ZVoN3A
3SUT1jjM5hzZj9TLfLZGIP,UCmpE_Ur0kLR0F8377Amm1iQ
5gOJTI4TusSENizxhcG7jB,UC6YGTwA7MY9m2sb8daK7NGg
58wXmynHaAWI5hwlPZP3qL,UCNtD7oDVld6YeaYV7tCXo1A
1Db5GsIoVWYktPoD2nnPZZ,UCYNOJx1S_E9U0MpyTK6vPrg
1Db5GsIoVWYktPoD2nnPZZ,UCNZazBoobtvziOGR65QQVog
0u2FHSq3ln94y5Q57xazwf,UCHYqkMN0UwbyN0krs1pahXQ
2AM4ilv6UzW0uMRuqKtDgN,UCXdqh7TtuMuqasECfTItzXA
2yEwvVSSSUkcLeSTNyHKh8,UCW6FSIkA04g7pBvMXlnaKqg
2yEwvVSSSUkcLeSTNyHKh8,UC1wUo-29zS7m_Jp-U_xYcFQ
7lzordPuZEXxwt9aoVZYmG,UC_R3nYWHZV0tGgbpuDoI0vA
7lzordPuZEXxwt9aoVZYmG,UC22iRbeDan0Qe_PrhdOkj2w
7lzordPuZEXxwt9aoVZYmG,UCZAfHkJj43Lir2Id3GiGCjQ
3iDD7bnsjL9J4fO298r0L0,UC8vVfqDySe2dz-wCNcy6jew
3iDD7bnsjL9J4fO298r0L0,UCK0TuNeYqg9oYGSksX-jNkg
6tw6EpC9RgmSRZiZg0n22t,UC5K6XcVwZuLfYRGZaeBqSeQ
3sgFRtyBnxXD5ESfmbK4dl,UCk78ZcA6kflEvBR0UrGDH0Q
35U9lQaRWSQISxQAB94Meo,UCE-I7YO3WHKGpqMTWWHDWSg
2cCUtGK9sDU2EoElnk0GNB,UC1bWXfKY5YoBduVCcSP8SGQ
2cCUtGK9sDU2EoElnk0GNB,UCeiRyLo_Q9q4tlv9aaQJF5w
2cCUtGK9sDU2EoElnk0GNB,UCzB3VrTOjAStUvaLPMDjHDw
1IQ2e1buppatiN1bxUVkrk,UCA7S5M8w5X4P1NRzaJ4lsrg
6TQj5BFPooTa08A7pk8AQ1,UC8qhOxKu03qGAVeVG2H2KfQ
6TQj5BFPooTa08A7pk8AQ1,UCSw6mt6ounKWBFoHby719sw
3Ayl7mCk0nScecqOzvNp6s,UCFeCvEjX56ReS-O3QHdyjbA
1co4F2pPNH8JjTutZkmgSm,UCSrA5JaXpR21z_E1FDA03RA
3HVdAiMNjYrQIKlOGxoGh5,UChWc6ilKdVM1Cz--wGMW_Zg
4Ws2otunReOa6BbwxxpCt6,UCF9HXQSk5tWJIgFrnKw4dVA
4Ws2otunReOa6BbwxxpCt6,UCqp7JRtT_uKXhmPGOMze1-A
2UazAtjfzqBF0Nho2awK4z,UCg26QwzVApb014fbJF-dptQ
2UazAtjfzqBF0Nho2awK4z,UCocfdCiKujljqcGC-STMsCQ
0yNLKJebCb8Aueb54LYya3,UCeROFwqsf3ADf02l5JzVKJg
6hN9F0iuULZYWXppob22Aj,UCXBep4C-pg5oCTrjw3nO-LA
3AuMNF8rQAKOzjYppFNAoB,UCZSaQhZP1q2LwzIh5XLwMew
3QJzdZJYIAcoET1GcfpNGi,UCV0TnBGv6txr79Oiwtmsm-g
2MqhkhX4npxDZ62ObR5ELO,UCityQM41pM2PchmqbpawEIQ
2dd5mrQZvg6SmahdgVKDzh,UCrDkAvwZum-UTjHmzDI2iIw
28AyklUmMECPwdfo8NEsV0,UC0eBaEhPFgFoxMp7vMolCEA
28AyklUmMECPwdfo8NEsV0,UCvBu6xOZA5OszNt9K9V8c0g
1A5QJAC1vdhbhPE25Q0x0f,UCDjV91PAs7Gf8gM4KKkW-_g
1SQRv42e4PjEYfPhS0Tk9E,UC_NS3vx8ZLC6MPJJkBV1x9A
1SQRv42e4PjEYfPhS0Tk9E,UCsQHS0_Fw1vIXm3TEbPokvA
6kBDZFXuLrZgHnvmPu9NsG,UC4hfA78X-lqiRERBZLTnLBw
0fauHpmSHwodVYIjTqOGHz,UCj16_sROSTrwMSWW88fOJeg
11TplWqOPQBTmg2eiSLt1m,UCKyMo95rgpADh-NTaUr5dQw
7n1XMwvxPf10t4OX6h6Ufy,UCIVr9fNs-68pYiHcft3gtAw
6iAY2AyUZLSX3PWLIAfFZY,UCH1U29foC-5RyAa4ZgkuQYA
43qxAkuKFB6fMNSeS5dO7Z,UC2EftTAOzjdCXRoEPOkWh5g
2s4tjL6W3qrblOe0raIzwJ,UCuVqmTud-MTtn01ZXpDnu6w
0gxyHStUsqpMadRV0Di1Qt,UC38IQsAvIsxxjztdMZQtwHA
0gxyHStUsqpMadRV0Di1Qt,UCuAXFkgsw1L7xaCfnd5JJOw
2mSHY8JOR0nRi3mtHqVa04,UCYvK6UYKyaf0ykPLh7lWwBw
7oWSqrgMuIEyH9qp5nu2e5,UCik85KHM24HdK_irDqn5G6w
6FXMGgJwohJLUSr5nVlf9X,UCNgjBASMIxygr65gJs9IyUA
6FXMGgJwohJLUSr5nVlf9X,UCr1uxon7aFztw_dnrau0TDA
00sazWvoTLOqg5MFwC68Um,UC3P4lFEy3sntNGolrPxwU_g
1YZhNFBxkEB5UKTgMDvot4,UCkEZRZfqwPfv8JqQ3u1n2Ug
1Fmb52lZ6Jv7FMWXXTPO3K,UCURhGCLPWhW4Ssy2bA0kbJg
6p2442ymrT9lZEuCZJdYcH,UCabtU2G5Iqx3PsiSLtPHxZQ
6p2442ymrT9lZEuCZJdYcH,UCRS-fiqhH-VQ4VMTvg2F6wA
0r8toju2ecKaVtItkzAnNi,UC2cqFcxsekgYM5miDSI0O5Q
0r8toju2ecKaVtItkzAnNi,UCU0gRwfUJvz5tdYv5PskVAQ
4Wjf8diP59VmPG7fi4y724,UCL5PYmAMA4YKFXmXat1eX6g
1cXi8ALPQCBHZbf0EgP4Ey,UCKkLIDce12KiuxCfOwVGPbA
5GtMEZEeFFsuHY8ad4kOxv,UCzLsQjn1nZPRGmRdg0TX15g
7A9yZMTrFZcgEWAX2kBfK6,UCckQhPx2evnSNG4KO3vKDWA
0QaSiI5TLA4N7mcsdxShDO,UCnhJEcc27A7F9_frwNbEW6w
0QaSiI5TLA4N7mcsdxShDO,UCWkMMrVPVVNxuJFHv4ApiDg
0AD4odMWVQ2wUSlgxOB5Rl,UCd5c-3Ff2IiBqSQaT8FHHRg
56dO9zeHKuU5Gvfc2kxHNw,UCkf1qXnPr1vhLPgCG86oppw
56dO9zeHKuU5Gvfc2kxHNw,UCTi7MZD2HjG9J8DBl6qXvNA
2NUz5P42WqkxilbI8ocN76,UCeRe0C1x1w8We6ghjVn4M5w
2NUz5P42WqkxilbI8ocN76,UCZZx2Uaheeu1OGUBbWSbnPg
6rJqqRce0Kvo2dJUXoHleC,UCAzIJmKDk5ZZDxEH3M_2USg
21UJ7PRWb3Etgsu99f8yo8,UC07pXPiSIHSIftEddcEmwrQ
4UXJsSlnKd7ltsrHebV79Q,UC97pzVFtDETRrbLesHGfBpg
4UXJsSlnKd7ltsrHebV79Q,UCErHNL907WiREYI_Pn2yqXw
4UXJsSlnKd7ltsrHebV79Q,UCha4YwIM9oyE6NSgUmzVx7g
3RTAXX6KGdljBsOIupyZgT,UCAp6F0mXIBHdxCGyO3nM7Tw
27FGXRNruFoOdf1vP8dqcH,UC_nITJJQzMZp8DPi90DZ_ww
6olE6TJLqED3rqDCT0FyPh,UCFMZHIQMgBXTSxsr86Caazw
04gDigrS5kc9YWfZHwBETP,UCBVjMGOIkavEAhyqpxJ73Dw
04gDigrS5kc9YWfZHwBETP,UCN1hnUccO4FD5WfM7ithXaw
5lwmRuXgjX8xIwlnauTZIP,UCyxbZF7_PK4nLiexj0kkCNg
1GxkXlMwML1oSg5eLPiAz3,UCHqQruhGENdmWy_oeH1f8QA
0eHQ9o50hj6ZDNBt6Ys1sD,UC-LRORSJOy5cOBd5TVVQ6Fw
0eHQ9o50hj6ZDNBt6Ys1sD,UCJgPnkjLwGgbzfbaeJvBlVQ
7MiDcPa6UiV3In7lIM71IN,UCXooz9whNJZBRTHi9AqdjPw
7jy3rLJdDQY21OgRLCZ9sD,UCi2KNss4Yx73NG0JARSFe0A
7FBcuc1gsnv6Y1nwFtNRCb,UCCZGYab5SpD0I7Z5JqJZgww
1sBkRIssrMs1AbVkOJbc7a,UCdLf5_x-4eic2Hw-uovjdKA
1sBkRIssrMs1AbVkOJbc7a,UCHO1BdBZw927UtUGhxYOGwA
1sBkRIssrMs1AbVkOJbc7a,UCj-z4t1XEtDH36yS6ZUUpYg
21451j1KhjAiaYKflxBjr1,UCyInsLK0iu7xYvKmOKIZe8w
0QHgL1lAIqAw0HtD7YldmP,UC0Kgvj5t_c9EMWpEDWJuR1Q
0QHgL1lAIqAw0HtD7YldmP,UCF_sh7efmoosuGZVYWzryiQ
181bsRPaVXVlUKXrxwZfHK,UCKrdjiuS66yXOdEZ_cOD_TA
5B8ApeENp4bE4EE3LI8jK2,UCrkMQGSWGoNokFc0vKfciKA
3CJKkU0XuElRT1z8rEtIYg,UCVWm9bTQLmMwHI0To5zQFGA
0p4nmQO2msCgU4IF37Wi3j,UC_k8KFBzEf0uQ8LRFSAgSUA
6n28c9qs9hNGriNa72b26u,UCgddtt1rqF8_OpcO3-qFTMA
3E6xrwgnVfYCrCs0ePERDz,UCP8rCSNr4WqZBgT3OmqhDHg
17lzZA2AlOHwCwFALHttmp,UCcZzRX_ZDV-Sg04Ir-upxPA
1hcdI2N1023RvSwLzTtdsp,UCKw8oP0rF37jTEq_3R8O5Mg
1hcdI2N1023RvSwLzTtdsp,UCxRULEz6kS0PMxCzOY25GhQ
5ndkK3dpZLKtBklKjxNQwT,UCpuvu8mrEO4jxjT6sRwE8tg
5ndkK3dpZLKtBklKjxNQwT,UCU1JusGzZe0Msn79JB3g46w
2VZNmg4vCnew4Pavo8zDdW,UC-n5eIZ0AecwjWyXYeSwXkA
4phGZZrJZRo4ElhRtViYdl,UC8ey1FYCmgHPa9f5KxWb0mw
4D75GcNG95ebPtNvoNVXhz,UChuZAo1RKL85gev3Eal9_zg
4D75GcNG95ebPtNvoNVXhz,UCmKm7HJdOfkWLyml-fzKlVg
5xSx2FM8mQnrfgM1QsHniB,UCDJT6nxGrFEU3vut0nfgVWQ
5GnnSrwNCGyfAU4zuIytiS,UCoh43F4htWJ8uOX0aAav7Xw
2FKWNmZWDBZR4dE5KX4plR,UCZRdNleCgW-BGUJf-bbjzQg
2cnMpRsOVqtPMfq7YiFE6K,UCfOTTeREY6_1LSW5M0bdG7g
0T1CMVkqffHlqEk4BcAph1,UCq9JcZO5YweTlNiJ0qHK38w
2sil8z5kiy4r76CRTXxBCA,UCiEKDhv4v0YTc-ZtpABkXZA
5BtHciL0e0zOP7prIHn3pP,UCegDql2rn434w9_vK6ykoJg
5BtHciL0e0zOP7prIHn3pP,UCJhe07czqzg4UzpjvQWkmMQ
2eEmsgWmUFMbtU7agJpnjY,UC_QMjCQJc8xDWRV16u6rx6g
6H1RjVyNruCmrBEWRbD0VZ,UChn30LXbAZKSIQqPJ2iezng
6H1RjVyNruCmrBEWRbD0VZ,UCZjBqZjGsmI5OAVsLSroaWQ
2ziB7fzrXBoh1HUPS6sVFn,UCHc7ICbMq7vwaToJQeEtnrA
6B5c4sch27tWHAGdarpPaW,UC0lhr4dvpfKJ0C3TPFXu3ww
6B5c4sch27tWHAGdarpPaW,UC2lkUzsiOARl3nwZDeZus3g
2p4FqHnazRucYQHyDCdBrJ,UCKI33Zd-b17rDIcPSv9E_-w
7gcCQIlkkfbul5Mt0jBQkg,UCgvGy9TAq7huFkIWgVxf1WQ
5fJsY7afrbsyzJj9wdzJMh,UCxn6ts-dyAMahcpYBi95X1Q
4ZDoy7AWNgQVmX7T0u0B1j,UCe5tgyOlUWikwiYHEQ02L2Q
6ogn9necmbUdCppmNnGOdi,UCrTC0tOY5aujQFYDRf65xiw
0RqtSIYZmd4fiBKVFqyIqD,UCK7wTMguyPyPCjhLoOK2rJg
52qKfVcIV4GS8A8Vay2xtt,UCraPpF98TgLnoL9QwT8vQBg
3TNt4aUIxgfy9aoaft5Jj2,UCmwY729s-CuQ-h_3GsVWWnQ
3TNt4aUIxgfy9aoaft5Jj2,UCW31cBakrzqs30sWDuN5rAw
2Hkut4rAAyrQxRdof7FVJq,UC5C-Asy_myoWCkLEtZR72SA
77yY2QmM6bYvjJ3y5L2R0v,UCwhNB8dhVhAp5kmLDWWeW7g
4lDBihdpMlOalxy1jkUbPl,UCiRjg6sUG_jBLZwW1wMk5GQ
11mqrDSFRRz8g0Wb3syJj5,UCmKU35Q-dkCoeyEpbDubJ8g
4Rxn7Im3LGfyRkY2FlHhWi,UCOvsww4Ch0ZKzFkITMm541g
6X8WdFjrNhXATMDSs26aCc,UCvtbERBK9tNbU2SzFCxeEVg
3CygdxquGHurS7f9LjNLkv,UCTtphRK-UT2pm4oPNy3GeGQ
4k1ELeJKT1ISyDv8JivPpB,UC7IZbkKDd20v6Ni_vFX63rQ
7u710e44HW3K7A5eTnRqHC,UCdFScjCn5FsredL4iZdzmCQ
7290H8m1Dwt8G7jm1y9CQx,UCSCS5v9K-fNc9oS0AZx-OqA
7tU1VKOuxiNZwBZC6RHidA,UCEXrzT8E3vN0YL3vVZWximQ
7tU1VKOuxiNZwBZC6RHidA,UCRMm8HgS0cjsvi87BBxW5OA
1yqxFtPHKcGcv6SXZNdyT9,UC6BBbrG0LpPS_FNdrrIUU8A
1yqxFtPHKcGcv6SXZNdyT9,UCX7aAyl_kckfFGCTHXnD5qA
2TjgzYcbTdsZjbT9OItIeB,UCyPjJEfjM7OQ7sJD-9UDP3w
2TjgzYcbTdsZjbT9OItIeB,UCVt5ZQAT_rA39XdadlWMcqg
49qiE8dj4JuNdpYGRPdKbF,UCeB8d73jg7xk5Mb1YNrxsnQ
3smfreCkyJt7bShaTYpG77,UCr20IRb6bEs8Dw8HgL6iMRQ
5Igpc9iLZ3YGtKeYfSrrOE,UC8XtHReHyGzgyYVTAhaWwzg
0MInKJqZscEeNc5K3K0mkE,UCSriAVggapS9Fb43fRB2vyQ
0WZOmdnCln6FK6GM9e2tGm,UCuGRoux8rs2u2dqOzm1v5SQ
2Q3eZMfDQgT8MhPowKFXYO,UCDsgLzBDn0f4TR8XSz7hnFg
1g1yxsNVPhMUl9GrMjEb2o,UCa59GUcKVl3kizC7CF4-plw
1g1yxsNVPhMUl9GrMjEb2o,UCf7yuABFkTc4uZhjIHuuvHg
21egYD1eInY6bGFcniCRT1,UCXgifdDuPr7cHvnwv5y3qIw
74eX4C98E4FCrAMl39qRsJ,UCcFUPGt_tgcP5iMxiBDsXoA
13wFTN72PGSUxzEHJP5Ljs,UCtSlEt7MHCdPk39-pHl5V2w
5YNi3BopLa4XtYRtzML80L,UCu6jHQSjJSfp6inCNTcepCw
2hlmm7s2ICUX0LVIhVFlZQ,UCAkIMkEaa9sZmjcy7mfd5lQ
36QJpDe2go2KgaRleHCDTp,UCaKZA66vM_TUpetUNohmR0A
5y2Xq6xcjJb2jVM54GHK3t,UCEa-JnNdYCIFn3HMhjGEWpQ
0C0XlULifJtAgn6ZNCW2eu,UCkhyoTaWKuB-Rdbb6Z3Z5DA
0C0XlULifJtAgn6ZNCW2eu,UCneQ7UWyu9USLDgMya6T7IA
5fMUXHkw8R8eOP2RNVYEZX,UCKp7UVaoVuiW1qtyPLPVFMQ
0vR2qb8m9WHeZ5ByCbimq2,UC2rbcd_YR3j_klIv4AXXaZw
6Q192DXotxtaysaqNPy5yR,UCHai12P6Gh7PaIYZGnzyrSA
6Q192DXotxtaysaqNPy5yR,UCWsQKPFHQdRMJZSAAzh1Qbg
0WwSkZ7LtFUFjGjMZBMt6T,UC9HKX4sDEYdgDEQTV9iy9yw
0WwSkZ7LtFUFjGjMZBMt6T,UCA37MBUzQgLbUHoUQgl-p0g
0WwSkZ7LtFUFjGjMZBMt6T,UCc4o6gJBS8VQto3ZR5Z_wcw
2xiIXseIJcq3nG7C8fHeBj,UCJDON3eLf8709E9YfjAgLOw
3hv9jJF3adDNsBSIQDqcjp,UCSY5V7BJSrxNvvBF0Drslow
0A0FS04o6zMoto8OKPsDwY,UCw4NZm6hgJ0Gxwep1zBrpfQ
6kaefrHSdAvxhhCVDFTCEL,UCwsYvBbWfLjm7p8ZPNAO6lg
2qk9voo8llSGYcZ6xrBzKx,UC09rjW-THj6e3WgMKSc5Bvg
2qk9voo8llSGYcZ6xrBzKx,UCfJein8E4rcYZSUCc8UqyMA
2qk9voo8llSGYcZ6xrBzKx,UCHqD2OBWbcWGmCve99uw47A
4frXpPxQQZwbCu3eTGnZEw,UCQB4-ZjPDfiG1-k0KZlbPug
26AHtbjWKiwYzsoGoUZq53,UCmv1CLT6ZcFdTJMHxaR9XeA
5xd2Tg7Zo8755eCy8Gxkp8,UC6kb0evup3Kgbz0N067E9wA
3LKXWvXFWrkwUzJWxzwVpW,UC-_uofftjFu0KULKD4GSj4Q
53A0W3U0s8diEn9RhXQhVz,UC_5iLk7KvfsHW4CIWFyzasg
53A0W3U0s8diEn9RhXQhVz,UCu1raXDJ4jkIiyy_NOUF2QQ
1EXjXQpDx2pROygh8zvHs4,UC5qFAfEOzoaSOS6At8ixYoA
1EXjXQpDx2pROygh8zvHs4,UCIKIQ1VhW8XPBkCvPBrRqag
1EXjXQpDx2pROygh8zvHs4,UCtOpQehIvRDXDdtSNB8rpKg
69UypehHabb68utzfjAVlV,UCc2ZilH94OFrGRaVKwh75tA
69UypehHabb68utzfjAVlV,UCYnMT8rirp5aKOufiwkXEAw
4xFUf1FHVy696Q1JQZMTRj,UCBxZZfQ8R2xtk0YEU1d8l4Q
5nGIFgo0shDenQYSE0Sn7c,UCJeH7gl6PbDVV4DTldIOPOA
73Np75Wv2tju61Eo9Zw4IR,UCpKt2cPTa0oYXau_f5URS6g
66lH4jAE7pqPlOlzUKbwA0,UCMNJ63oR69YW1zL5-fB1muA
70BYFdaZbEKbeauJ670ysI,UCv7Bgr5Mq-dPYu-Ol4AocEA
4yBK75WVCQXej1p04GWqxH,UCOtQCJMkhhR5p71J4fkyRQg
3JsMj0DEzyWc0VDlHuy9Bx,UCpS0hJ21amjA5eBApEOiIFw
3JsMj0DEzyWc0VDlHuy9Bx,UCuD7geq8bM0VYQAzW1J-3_Q
7x8nK0m0cP2ksQf0mjWdPS,UCc0rWCfGfS6daqCB_ZDFa8w
1c70yCa8sRgIiQxl3HOEFo,UCAhCpedAV-cf_jm2VDM_9Dg
0XNa1vTidXlvJ2gHSsRi4A,UC02hzkbqEtyTdwRUpNsUnlA
0XNa1vTidXlvJ2gHSsRi4A,UCnTyZoYYkO7kVDFFUmqllBg
0XNa1vTidXlvJ2gHSsRi4A,UCrvJwuMaOeKg1Rb062glUJQ
2AsusXITU8P25dlRNhcAbG,UCFC9LamNMmLioW643VZ40OA
1KXTegXtnCPKXjRaX1llcD,UC-7fJF4x8vV7Ynyp47h-Zow
4ytkhMSAnrDP8XzRNlw9FS,UCFaTETW2oF6BX7TigIi0KYQ
4RSyJzf7ef6Iu2rnLdabNq,UCkEqvS0WXsJ2jJ6s-90vxhw
1fa0cOhromAZdq2xRA4vv8,UCwtvFWbWkLr8ra51W-pLstQ
7AcV1lk8Zrgo1691PDWEle,UC1XPYW65EJZ4K7gG5EnMmeQ
7AcV1lk8Zrgo1691PDWEle,UCyZxhBEwqIFqjUN7nwt8-sg
0id62QV2SZZfvBn9xpmuCl,UCzZegs5Uz4uhFFPsdQVcC-A
01QTIT5P1pFP3QnnFSdsJf,UC-zD8J0RLWy3mNB7EMmT7Rg
4pADjHPWyrlAF0FA7joK2H,UC5IMokurjvYCO1AWiCOskYg
4pADjHPWyrlAF0FA7joK2H,UCdfbxcSrqYvM5pqDmTWr1eQ
4pADjHPWyrlAF0FA7joK2H,UCuLaLS3QYnCWFT5hd3m2w3w
3kjuyTCjPG1WMFCiyc5IuB,UCIIGxQ6BA9MwIJXBu47SyZQ
4kLvhMAuCloLxoP1aVM7Lr,UCO2KbcKr7XmAyfn7QTMY-WQ
7Dx7RhX0mFuXhCOUgB01uM,UCd91HSXKhsIv8PIjNrDByHQ
5d1JhBfyb58upMXCZOdbQu,UC-XSYe_TuXZX1iIBVbUG7sg
4mncDFjVLUa3s025Tct3Ry,UC7ZRAt7eWXsmanQ3x4EWmZw
6xrCU6zdcSTsG2hLrojpmI,UCOxQXnxLdxQjvu9FHk1jsdQ
6xrCU6zdcSTsG2hLrojpmI,UCUBq_9jeiAXNoSgNjEwGPAQ
6xrCU6zdcSTsG2hLrojpmI,UCVKb7VKgr2i5X5cFZCF2gig
08yf5A2nS4XEeNvabDXqyg,UCIVROfF-b3Wjpk-G1-_ulFw
25THA9HUHoxpCT4LBp7UsZ,UC22rhFI5ZCbc9v_E9-Hrkcw
1By9QBFnjZAoI83BZppHlt,UCK5dUSFctfGoXFBbG4NWhJw
6eJqAWJdd8JhAN1pQGie4r,UCyR_nbNgi7Eypqb2rGDjJWQ
6eJqAWJdd8JhAN1pQGie4r,UCZzdWp_r4-_KSWcdSjuvjUA
5P5FTygHyx2G57oszR3Wot,UC7wgNnLgvBeDW8LAxVwtpSA
5P5FTygHyx2G57oszR3Wot,UCkrV3aukHg-BB2xT8D3Hwyw
73jlPRxT7z5xk29sMqFDjU,UC4e7J19VFdz05QPtdHnuLbQ
3ICflSq6ZgYAIrm2CTkfVP,UC9TsKWlxTdu0frhdfT-H_Og
3ICflSq6ZgYAIrm2CTkfVP,UCgXfS0QdhrX55_rS4npXDow
4gHcu2JoaXJ0mV4aNPCd7N,UCu6Z6nkvHAPPodLbLOAhbCA
5sm0jQ1mq0dusiLtDJ2b4R,UCOjTxt7xBAjh1NraToYYlog
0spHbv2fw49lDMkbOAdaqX,UCJ5v_MCY6GNUBTO8-D3XoAg
3qm84nBOXUEQ2vnTfUTTFC,UCIak6JLVOjqhStxrL1Lcytw
3qm84nBOXUEQ2vnTfUTTFC,UCJN4c_lZorb_0eyIP_tSS3A
3qm84nBOXUEQ2vnTfUTTFC,UCSLbbBoUqpin6BE34whSOvA
12vb80Km0Ew53ABfJOepVz,UC-GHvO97LsZDQv30KPROFMQ
50co4Is1HCEo8bhOyUWKpn,UCuwdplPbuTFZj_64d03tSBA
1Ffb6ejR6Fe5IamqA5oRUF,UCAayZDDj3uom0QpSJiwLoUw
0jnsk9HBra6NMjO2oANoPY,UCBRFlde39a2U4nAkmGqJwAQ
7F2utINZ6tSokSiZTQBE27,UCM03A1HwmGdoJpY9zq4kEMA
13y7CgLHjMVRMDqxdx0Xdo,UCSugZEYrWbzqIWGD195V-YA
3tVQdUvClmAT7URs9V3rsp,UCE0-Bxu88d4bsGCv34zvtbA
3tVQdUvClmAT7URs9V3rsp,UCQvyMmwWTnVLuusjYg-zYVA
6ModsWtBph2rE6zCTVxvZt,UCU720aZHx6_8ABYWvBHbWUQ
0Dvx6p8JDyzeOPGmaCIH1L,UChqcJ_MhP9a4bXy1jQ0QPzQ
4IMAo2UQchVFyPH24PAjUs,UCR1aSfi_Vp8vyjuWnzJMGjQ
19LIHDDSHBD5NyYHI3gpzB,UCkOFw0YJfUUzxicTKTTImBQ
6WY7D3jk8zTrHtmkqqo5GI,UCa-eS13D-FafU8ushde8Geg
6WY7D3jk8zTrHtmkqqo5GI,UCDw6bxq6sJOBxcexivmmObA
2iojnBLj0qIMiKPvVhLnsH,UC7DpParfqYQEbFGt5eTX5pQ
4upwdFMlZBmQ68jP9jPzjK,UCi8avLeQi1e5m1rQYi9XJew
7KMqksf0UMdyA0UCf4R3ux,UCUg8KhMXhFxJm-YQzOQ7nPw
6wPhSqRtPu1UhRCDX5yaDJ,UCqtT9GjW1fhc7Ks_2Lg6yKQ
0yNSzH5nZmHzeE2xn6Xshb,UCxfC3u6sFXzbeB9OkoEc_uA
32WkQRZEVKSzVAAYqukAEA,UCuH-CuAIQsMq49mXNLOEYnw
0Y3agQaa6g2r0YmHPOO9rh,UCkBV3nBa0iRdxEGc4DUS3xA
7iWiAD5LLKyiox2grgfmUT,UCNCYBBI44YViXw7vBrqCZcg
1ackd5XprZEkH3McKbQD51,UCMBA3mNLpA9RVkWamYHmmJQ
1ackd5XprZEkH3McKbQD51,UCVpJ6eGdknSR4mlExF1bytA
63wjoROpeh5f11Qm93UiJ1,UCGaotBFKgoaZamPb4sbEIYg
6XFITTl7cFTdopDY3lUdlY,UClvfTkp59KCI-Ed_eYVGRqQ
3yMmYEklQ7gLOZXEFNd3xr,UCE2Nm1Ep8Dz4vwnOc6xXqBQ
3yMmYEklQ7gLOZXEFNd3xr,UCNDOl6WIa22rujba2h6DkLA
0QJIPDAEDILuo8AIq3pMuU,UCG4ei7sWX6m2itTEhbWQmuA
0QJIPDAEDILuo8AIq3pMuU,UCQukyhPqB1ScInTe0dxj0Iw
26bcq2nyj5GB7uRr558iQg,UCXM7w2wcZhqx_QIALeN8Ajg
2Sqr0DXoaYABbjBo9HaMkM,UCeorj4gQq9KLidnoC-XCbCQ
2Sqr0DXoaYABbjBo9HaMkM,UCWPzv6y7xDSgL86LAbkdl9w
70gP6Ry4Uo0Yx6uzPIdaiJ,UCi05TWluMO9aCDpYrDLx8rA
2cGwlqi3k18jFpUyTrsR84,UCY9j66iGshbnQhO7ggwRyhA
2cGwlqi3k18jFpUyTrsR84,UCzm63hQS-Lty7S63UqYe7zQ
37w38cCSGgKLdayTRjna4W,UCiHpAuDVzGDIEA_Ggn1I2RQ
37w38cCSGgKLdayTRjna4W,UCwLvhxojhPFQXoHACA4WWsA
1Xfmvd48oOhEWkscWyEbh9,UCYvy_rZWF3udXeDHy3PBdtw
1CFCsEqKrCyvAFKOATQHiW,UCxuwb_eErNh6okiCGhIf7ww
6QtGlUje9TIkLrgPZrESuk,UCDlFd5kiM4QbD_NRGwgGu1w
6QtGlUje9TIkLrgPZrESuk,UCEUwtVVBQ7_DwqwOo_ojErw
0WI8OfWCRvK4nGHmKfFQmd,UCBMqvSSmKEbbVM3aSXlzrhw
0WI8OfWCRvK4nGHmKfFQmd,UChqXktKJ1-f_FMY2FmEZnlQ
7o95ZoZt5ZYn31e9z1Hc0a,UC6LWtQeSl8ga-EYM2R9GMvg
6FtwCmLY6L1sqvjaQ2lV6G,UCk7o8cWqXSmCA4NhgAy29Ow
0kObWap02DEg9EAJ3PBxzf,UC34jbDvESZz4fVrfLJPwSUw
5T0MSzX9RC5NA6gAI6irSn,UC_KDJDZ7HIMQheqRvZSCNuA
5y9wg9qkGBl0n9v9RzaPKu,UCpIHbzhK3-sHxuGsahKacNA
7Ln80lUS6He07XvHI8qqHH,UC-KTRBl9_6AX10-Y7IKwKdw
7Ln80lUS6He07XvHI8qqHH,UC8Yu1_yfN5qPh601Y4btsYw
5pKCCKE2ajJHZ9KAiaK11H,UC2xskkQVFEpLcGFnNSLQY0A
5pKCCKE2ajJHZ9KAiaK11H,UCcgqSM4YEo5vVQpqwN-MaNw
4SsVbpTthjScTS7U2hmr1X,UCu4bj03KW4CwAsYtHSwMEsQ
4SsVbpTthjScTS7U2hmr1X,UCZncE3xbJEhoWkEFpWEfEjw
3EiLUeyEcA6fbRPSHkG5kb,UCRp097cJIVS-cQ_GuZWQkJg
3IW7ScrzXmPvZhB27hmfgy,UC-GI5LST5T3Gw93yZxjdFaw
3IW7ScrzXmPvZhB27hmfgy,UC7ZuMv7r60Cwn7mRNlPC0LA
20JZFwl6HVl6yg8a4H3ZqK,UColJTBTSGqaaZr5NOk5r3Pg
74XFHRwlV6OrjEM0A2NCMF,UCc7_woMAIVIW2mAr1rPCsFQ
21E3waRsmPlU7jZsS13rcj,UCvtkFm0XlCLqyvtP7UpqAoA
3hteYQFiMFbJY7wS0xDymP,UCneAnaIzzbA9MtT1jP4UkpA
2oSONSC9zQ4UonDKnLqksx,UCF4uIIqbIy05Cmzx3rRt_8g
77AiFEVeAVj2ORpC85QVJs,UCALvGYb5h_MZCzW_vG8d8eQ
3FfvYsEGaIb52QPXhg4DcH,UCw0F_Xuz0VqemtMAtEfHTdA
5AZuEF0feCXMkUCwQiQlW7,UC7-W9R7Rb_6gk5zEcgFcdLg
1EowJ1WwkMzkCkRomFhui7,UCIVqvhyo8ttjYOmMJuhq_YQ
00me4Ke1LsvMxt5kydlMyU,UCCrxkjcY31iSOAdWh3JM0zQ
00me4Ke1LsvMxt5kydlMyU,UCFWWSqETvq7q-Y3SBmduuTQ
1vppDmG3i5sXf3DJzrK4T1,UCEnQ70n_hbsUmYXN9R11aSQ
0L5fC7Ogm2YwgqVCRcF1bT,UCgj23Szu6ZYEvxiJCFjQ_7g
2cy1zPcrFcXAJTP0APWewL,UC-vahV5aaD8x73mIDDdJMQQ
4NiJW4q9ichVqL1aUsgGAN,UCjj9ewTJYkVjuXBVrSlpMug
67nwj3Y5sZQLl72VNUHEYE,UCN5dSZVxZtDULZ-ogtbEh4Q
6IRouO5mvvfcyxtPDKMYFN,UCr79-QZv1_VGlxVWLc28xrQ
2CIMQHirSU0MQqyYHq0eOx,UCYEK6xds6eo-3tr4xRdflmQ
1GLtl8uqKmnyCWxHmw9tL4,UC3lSoOBQYPsZPYpgoC6_RVg
2AWUCT9xtcvkjpFq1ZgpPj,UC5hUBXi8cDKsA0J4x4DKCQg
378dH6EszOLFShpRzAQkVM,UCyC_4jvPzLiSkJkLIkA7B8g
6gto7HVNhu4ARE3P3g8Y5Y,UCoxAUHUOAmLKtX1QqCUw47Q
6ueGR6SWhUJfvEhqkvMsVs,UCdxFg3dVeT50SsT1v3ptxTQ
25sJFKMqDENdsTF7zRXoif,UCxhyeM2kPN0D8J3ZkvQ4dBg
68DWke2VjdDmA75aJX5C57,UC8g5kYW2ZLJPta700XDCt-g
68DWke2VjdDmA75aJX5C57,UCeWSsy6hPAxThTS6QSAVwAA
698hF4vcwHwPy8ltmXermq,UC5Hi7VYG79vR8TOT4isIDiw
2sG4zTOLvjKG1PSoOyf5Ej,UCxrOSjIQ1MbK1hUohxZNwpA
6eUKZXaKkcviH0Ku9w2n3V,UC0C-w0YjGpqDXGB8IHb662A
5YGY8feqx7naU7z4HrwZM6,UCn7dB9UMTBDjKtEKBy_XISw
137W8MRPWKqSmrBGDBFSop,UCVp3nfGRxmMadNDuVbJSk8A
7CajNmpbOovFoOoasH2HaY,UCIjYyZxkFucP_W-tmXg_9Ow
06HL4z0CvFAxyc27GXpf02,UCqECaJ8Gagnn7YCbPEzWH6g
1RyvyyTE3xzB2ZywiAwp0i,UCSDvKdIQOwTfcyOimSi9oYA
4zCH9qm4R2DADamUHMCa6O,UC1mupr-2YbkxQVmcO3ve6SA
2C6i0I5RiGzDKN9IAF8reh,UCV6ZlWpVitOcQvaL_RFgu5w
3yY2gUcIsjMr8hjo51PoJ8,UC-sdfo_ho6Nq3OH8RUHBrNg
3yY2gUcIsjMr8hjo51PoJ8,UCklWLf-5N7mE8S06rj2OrQw
3yY2gUcIsjMr8hjo51PoJ8,UCszIIUDB8zqRobGnpDYjbAg
6vXTefBL93Dj5IqAWq6OTv,UC-4mIX9ls8ROVk9ApfeYf5w
0GM7qgcRCORpGnfcN2tCiB,UCBbehdq68NSoAUDC_7BC5Wg
5f4QpKfy7ptCHwTqspnSJI,UCicMnWThgzNjUmqpd-nUTXQ
7gOdHgIoIKoe4i9Tta6qdD,UCFvXnyAhluG3sa6p3eOs_LA
0BvkDsjIUla7X0k6CSWh1I,UCntGDhwr_YA88wVr0WpOMEA
26T3LtbuGT1Fu9m0eRq5X3,UCOk9wZlQNsWjb7gJhnvmbkQ
2Tglaf8nvDzwSQnpSrjLHP,UCtUa6Ufbn3FbUbZ7WAXSx5A
0gadJ2b9A4SKsB1RFkBb66,UCFHtCB_FWXQ8GpjgfYcD8-g
4FpJcNgOvIpSBeJgRg3OfN,UCEnFzIYw3BrndPCddyQ6c5A
5bWUlnPx9OYKsLiUJrhCA1,UCoXewWGlEiCK5G2iGxWXdKA
2IvkS5MXK0vPGnwyJsrEyV,UCO83-v8Iqb9yN2RnyBrZkwQ
46gyXjRIvN1NL1eCB8GBxo,UCSLQKylf_bibeVwMnBO1MRg
6MF9fzBmfXghAz953czmBC,UC24cEEOOAANlu35I1VvBApg
6MF9fzBmfXghAz953czmBC,UC3tg0XIy-VL4z1rVJOtllFA
5DUlefCLzVRzNWaNURTFpK,UCk7BBLrQSrxnMj_xfTiDJ-A
5dXlc7MnpaTeUIsHLVe3n4,UCPTnYiI3REFAzAQSuH9_0qg
13saZpZnCDWOI9D4IJhp1f,UCQCJ4E2Nc9XaCL7O_VFVEjA
0Y4inQK6OespitzD6ijMwb,UC6oRgEB8SLJE_twPNjwVQJg
0Y4inQK6OespitzD6ijMwb,UCKAtbNtZNyqBWH1FG1Kvmnw
5lKZWd6HiSCLfnDGrq9RAm,UCiVxAX5STcvXQN3bYUvJi9w
7x5rK9BClDQ8wmCkYAGsQp,UCdwL3W6yGAvcmXswvFnzRXw
2rTo8KIkBTFjQS7VvaKYQ4,UC_FSjhzXRorZRJTLkzf3INw
4BYxqVkZyFjtik7crYLg5Q,UCkfj9FmVIPO9KOe3DwPPdBA
4BYxqVkZyFjtik7crYLg5Q,UCzMUNug_h1DZD9FmEP-CJMw
6FOpWOxsjQxKEbLiJpU1xV,UCvreNnNOT1RNP9bvFRaGofg
0EeQBlQJFiAfJeVN2vT9s0,UCm1s2VS9BdyXL9FU4a-W_cQ
5MmVJVhhYKQ86izuGHzJYA,UCALjQbQhtEeUFi5tSIDFY4Q
4W48hZAnAHVOC2c8WH8pcq,UC-1k7y80RAIK_JlXP8WlDDw
7MzHPIXAqIOCnvK0sVY72W,UCn3yU2bHX_8HMCfXOBTkXCg
4tvKz56Tr39bkhcQUTO0Xr,UCf7Z_KgORfeGD4RVPuoPtag
2ifvIECHAlEgPMBuBOJ0lG,UCUU2Z9O7Qw7PCT6fPN0yaHg
0Ya43ZKWHTKkAbkoJJkwIB,UCkFQXXAd61-_jRLSkCLa81w
4Kxlr1PRlDKEB0ekOCyHgX,UCzw-C7fNfs018R1FzIKnlaA
6l3HvQ5sa6mXTsMTB19rO5,UCnc6db-y3IU7CkT_yeVXdVg
1vyhD5VmyZ7KMfW5gqLgo5,UCt-k6JwNWHMXDBGm9IYHdsg
6jJ0s89eD6GaHleKKya26X,UC_7s69e1mDS3lgcTMJEPjCg
6jJ0s89eD6GaHleKKya26X,UC-8Q-hLdECwQmaWNwXitYDw
6jJ0s89eD6GaHleKKya26X,UCYvmuw-JtVrTZQ-7Y4kd63Q
5Pwc4xIPtQLFEnJriah9YJ,UCi4EDAgjULwwNBHOg1aaCig
5Pwc4xIPtQLFEnJriah9YJ,UCQ5kHOKpF3-1_UCKaqXARRg
5LHRHt1k9lMyONurDHEdrp,UC-Eh1lR_tWVtv9AvxLybMtQ
1elUiq4X7pxej6FRlrEzjM,UCL64gn1KZ1C-u87BGQv3b6w
07YZf4WDAMNwqr4jfgOZ8y,UCA7oqkXUZIlT8QXhxaIR4RA
07YZf4WDAMNwqr4jfgOZ8y,UCe3yZzUwpmy2eKKmF9svX0Q
0c173mlxpT3dSFRgMO8XPh,UC7zOpx9wgvGBCDEjujnAPQA
0c173mlxpT3dSFRgMO8XPh,UCYFyHJMMKd7C8M0_TsleUQA
4YLtscXsxbVgi031ovDDdh,UC_uPAFZghRvM1W89Rt-opZw
4YLtscXsxbVgi031ovDDdh,UCsdXkstc8jFC3zpMYdEz_zA
5t28BP42x2axFnqOOMg3CM,UCQjw3b3Ay5zMmEHUAxL93Rw
4LEiUm1SRbFMgfqnQTwUbQ,UCci2c90HJbY0VAS3_eLF3Wg
20sxb77xiYeusSH8cVdatc,UC9HlWVtENbiMQzVRmnbJxtw
4IKVDbCSBTxBeAsMKjAuTs,UC1GBYS8_8cXRDM3yOYHeyWw
4IKVDbCSBTxBeAsMKjAuTs,UCMwcN9RwlmgTaqkNryq1voQ
0e86yPdC41PGRkLp2Q1Bph,UCDRSqDdkk3tVNHaxyfOqALg
5CiGnKThu5ctn9pBxv7DGa,UCqrBKQHQVEvD2Q9FP0DCP2g
4J13m9IZh03PEhoxAxRhXO,UCfxLuDIVfwArsz5waYMMLDQ
4iJLPqClelZOBCBifm8Fzv,UCyipvkWkNpmEQPGovalDjFA
2p1fiYHYiXz9qi0JJyxBzN,UCcfVrE3mmeQZ_RN3u5cUECA
6udveWUgX4vu75FF0DTrXV,UCDJnRpq0DnQhrwi1ruuQa7g
7k73EtZwoPs516ZxE72KsO,UCzycs8MqvIY4nXWwS-v4J9g
70kkdajctXSbqSMJbQO424,UCAxUOuaNs8e63_MRqhTdmaQ
5Zq7R5qmi58ByYyBQTlNuk,UCmhzb5pJId5QY0r6gZqMDdA
07QEuhtrNmmZ0zEcqE9SF6,UCV-UW3I3mXakSoqV8SpF1sg
07QEuhtrNmmZ0zEcqE9SF6,UCyo4FFY5_6v_ZzPl-Fq6FZw
6MwPCCR936cYfM1dLsGVnl,UC5MWh1k90KULpPOeXAzoIZA
6S0dmVVn4udvppDhZIWxCr,UCfnsf32SyFR-VjQlD-jEFHA
5bv5RplEOwdCvhq0EILh9E,UC4O7ZXAXU3YtLdvL_Iyp2yA
5gs4Sm2WQUkcGeikMcVHbh,UCGdSAF50uDAxghTy_3MpKng
6oBm8HB0yfrIc9IHbxs6in,UC1uh3tMXSenbfK6s91MyHZg
4QVBYiagIaa6ZGSPMbybpy,UC6goaPmi9oiGf3IVrVb6AmQ
6lB8vOoI4DRrrVxXwuV19c,UCxWPS1rYQ_Ix4yglZcfjVXA
6aZyMrc4doVtZyKNilOmwu,UCZjKGrjkH0sKmUB8RDLbJFg
6aZyMrc4doVtZyKNilOmwu,UCjqaQjDZ16zXwDjIuU-TAkg
3qNVuliS40BLgXGxhdBdqu,UC5z2fxN6rs69cSyXur6X6Mg
3qNVuliS40BLgXGxhdBdqu,UCFPI8MI3zmzTlV4W-oSy-Ig
5xUf6j4upBrXZPg6AI4MRK,UCfTh3k6OyoUutinINQJiIHA
5xUf6j4upBrXZPg6AI4MRK,UCHKSayVT2Ks-gQBXmMLGTag
0Sadg1vgvaPqGTOjxu0N6c,UCPENYtHg4Xhmm6oX8zaQA7Q
2wY79sveU1sp5g7SokKOiI,UCvpDeGlR5wLP9Z3Tb6K0Xfg
4dpARuHxo51G3z768sgnrY,UCsRM0YB_dabtEPGPTKo-gcw
4V8LLVI7PbaPR0K2TGSxFF,UCsQBsZJltmLzlsJNG7HevBg
1HY2Jd0NmPuamShAr6KMms,UCNL1ZadSjHpjm4q9j2sVtOA
3TVXtAsR1Inumwj472S9r4,UCByOQJjav0CUDwxCk-jVNRQ
0hCNtLu0JehylgoiP8L4Gh,UC3jOd7GUMhpgJRBhiLzuLsg
0hCNtLu0JehylgoiP8L4Gh,UCTTcTeAszDGxALRSMkJH9FQ
0C8ZW7ezQVs4URX5aX7Kqx,UCPNxhDvTcytIdvwXWAm43cA
2h93pZq0e7k5yf4dywlkpM,UCqf-kTp9ERV5T1rPayno7LA
66CXWjxzNUsdJxJ2JdwvnR,UC0076UMUgEng8HORUw_MYHA
66CXWjxzNUsdJxJ2JdwvnR,UC8LGdwL1UOSq1bhohwYo3Sg
66CXWjxzNUsdJxJ2JdwvnR,UC9CoOnJkIBMdeijd9qYoT_g
5INjqkS1o8h1imAzPqGZBb,UCdI8MAC5HoPJSJ4zrgDDI-Q
5INjqkS1o8h1imAzPqGZBb,UCGz-eguN8tcic5kUG4s1ZgA
1vCWHaC5f2uS3yhpwWbIA6,UCPHjpfnnGklkRBBTd0k6aHg
0fA0VVWsXO9YnASrzqfmYu,UCoNPsL8j28yfKRu6e7YUhPA
6S2OmqARrzebs0tKUEyXyp,UCZkURf9tDolFOeuw_4RD7XQ
5he5w2lnU9x7JFhnwcekXX,UC_TVqp_SyG6j5hG-xVRy95A
6cEuCEZu7PAE9ZSzLLc2oQ,UCO6Rq8SSY5ui4ptyMkLirIQ
1aS5tqEs9ci5P9KD9tZWa6,UC8gxc2fYnL1tHPOXHXyI6sQ
5n9bMYfz9qss2VOW89EVs2,UCp6B4S_hKDBia-SLV2Lhvtg
02kJSzxNuaWGqwubyUba0Z,UCBkNpeyvBO2TdPGVC_PsPUA
6LqNN22kT3074XbTVUrhzX,UCh1bAdm-p_kpf_-a2vpCyHw
25uiPmTg16RbhZWAqwLBy5,UCOvEMf00DnwdkpOCRWdc6uA
738wLrAtLtCtFOLvQBXOXp,UCMJ5Qf3sOvQpcYiai1Noa3Q
1moxjboGR7GNWYIMWsRjgG,UCDYfiBTEPexujA5wDWvxUnA
1moxjboGR7GNWYIMWsRjgG,UC5MujsH-hrVWHBBfSSmv18A
5j4HeCoUlzhfWtjAfM1acR,UCFKo78ysxmRhoQ85ySEo_PQ
5j4HeCoUlzhfWtjAfM1acR,UCXF0YCBWewAj3RytJUAivGA
3AQRLZ9PuTAozP28Skbq8V,UC_j_M2YqgSRhLUEyOle8n1Q
3AQRLZ9PuTAozP28Skbq8V,UCafVZzwtU8XUWbXGs4LYtdg
6sFIWsNpZYqfjUpaCgueju,UC-4NAdFIP6h9BmtGUFL94Pg
6sFIWsNpZYqfjUpaCgueju,UCtKuVNj4wVrZvTfxPxAUHcQ
0YinUQ50QDB7ZxSCLyQ40k,UCG9E2kOVf3OPldZNV_1rPqQ
3YCKuqpv9nCsIhJ2v8SMix,UCSf-NCzjwcnXErUBW_qeFvA
4lDiJcOJ2GLCK6p9q5BgfK,UCIgCb1dYprH140Ds0mgeAUA
2Waw2sSbqvAwK8NwACNjVo,UC81hVmI5eEBIt3s3HQpJd_w
5Pb27ujIyYb33zBqVysBkj,UC6iin46o7SrAsnl9ig__vlw
3HqSLMAZ3g3d5poNaI7GOU,UC3SyT4_WLHzN7JmHQwKQZww
67hb7towEyKvt5Z8Bx306c,UCyacMWc-JhzX6iq2PCF-4jw
0CEFCo8288kQU7mJi25s6E,UCYEIC1WKHEJHR971HIySQMg
7CQwac16i1W5ej8YpuL3dv,UCgc00bfF_PvO_2AvqJZHXFg
4IndUOBCZYZg61557iq2A9,UCa_Ne5lQyuJkO4BPAVTjYQg
2aqFBHOpM9uIgBpUsdq09x,UC8m67LCiRGhJ9nQOop7JurQ
7fObcBw9VM3x7ntWKCYl0z,UCJ5ZU5bx5AErAElTJbLP-Aw
7fObcBw9VM3x7ntWKCYl0z,UCm3hLXBa7eXtdvegaoqmZLQ
6hk7Yq1DU9QcCCrz9uc0Ti,UCxUp7o-KYIygfaw4UOZ8ebQ
0pCNk4D3E2xtszsm6hMsWr,UCdDkCZx_lD9-K0YK5YYIUag
0pCNk4D3E2xtszsm6hMsWr,UCVLwtJGEFKgnZdWmKnbieDw
37hAfseJWi0G3Scife12Il,UCMKv9a5OeqElzuWy1WOR0kA
53KwLdlmrlCelAZMaLVZqU,UCIZ4NEJamsWybup2TJUdoPA
53KwLdlmrlCelAZMaLVZqU,UCx90L12QXzc18AGYFRof-EA
06bDwgCHeMAwhgI8il4Y5k,UCB1bJqKXS3lpy8HdW0P1zrQ
5q8HGNo0BjLWaTAhRtbwxa,UCUrq8ZRcoSeSH0Y3ImrsVuw
53XhwfbYqKCa1cC15pYq2q,UCT9zcQNlyht7fRlcjmflRSA
0du5cEVh5yTK9QJze8zA0C,UCoUM-UJ7rirJYP8CQ0EIaHA
57vWImR43h4CaDao012Ofp,UCRt1A0W4iZfvsOhAH1yft2Q
699OTQXzgjhIYAHMy9RyPD,UC652oRUvX1onwrrZ8ADJRPw
1uNFoZAHBGtllmzznpCI3s,UCIwFjwMjI0y7PDBVEO9-bkQ
66ihevNkSYNzRAl44dx6jJ,UCGr3AcxG5Ubp4kByu7l5SSA
66ihevNkSYNzRAl44dx6jJ,UCw4-qaK7NF5F_Tftj0IHp4g
66ihevNkSYNzRAl44dx6jJ,UCywpKTAjNjHv53c0TX3K_KQ
3YQKmKGau1PzlVlkL1iodx,UCBQZwaNPFfJ1gZ1fLZpAEGw
0NGAZxHanS9e0iNHpR8f2W,UCQlaArsZfebRbb70iXm6usg
37230BxxYs9ksS7OkZw3IU,UCTStLchCIe1xO-y1Oi1lruQ
0VRj0yCOv2FXJNP47XQnx5,UCU_xT0uVi5cku7cg9hDgkMA
7c0XG5cIJTrrAgEC3ULPiq,UClVY6MdQxTZUaMDL-dLQDcw
3wcj11K77LjEY1PkEazffa,UCEzDdNqNkT-7rSfSGSr1hWg
0X2BH1fck6amBIoJhDVmmJ,UCt-am4x4ZyeohfgM85qFgdQ
3Y7RZ31TRPVadSFVy1o8os,UCFwC3Ryue6CorFm2xCEG0Aw
1h6Cn3P4NGzXbaXidqURXs,UC5HEq5U--O5nn134mizyCcw
1h6Cn3P4NGzXbaXidqURXs,UCtHY_7BXK9Bn3Dp3cjBgCLA
7gJN8W0589FisSYJS17K54,UC9vsg8Lpxf2R8CjaLrd-R1g
15iVAtD3s3FsQR4w1v6M0P,UC0032Wkd3aCT4rRi1YOV3gQ
15iVAtD3s3FsQR4w1v6M0P,UCrCRtpW2BMBCeqoivRV2pWw
3qvcCP2J0fWi0m0uQDUf6r,UC6rwiIxv0w2fbmmr66wl1rA
3KV3p5EY4AvKxOlhGHORLg,UC2mlBoe1tk4U3Ib8SzU5y2g
3KV3p5EY4AvKxOlhGHORLg,UCBYpEIgqByL9n0VBnEC5SLQ
3KV3p5EY4AvKxOlhGHORLg,UCnPv641OQpDcicKtva2kwrw
6CwfuxIqcltXDGjfZsMd9A,UCO_hWjivU900eBRkSQNtlAw
1gPhS1zisyXr5dHTYZyiMe,UCj2GTFekdV3EUsTVN8oaEqA
0LKAV3zJ8a8AIGnyc5OvfB,UC3nGUU-1Vmx17Oh7vVhC4Lg
6rs1KAoQnFalSqSU4LTh8g,UCgipy6-EqjT-1BCDndXX1PA
3gd8FJtBJtkRxdfbTu19U2,UCUyVHhyGAR3djWzqlljIN1A
0CbeG1224FS58EUx4tPevZ,UCd61k-5ykv_4RIbQg-Mpvrg
7uIbLdzzSEqnX0Pkrb56cR,UC1KonH1j8WMhc5cT6Bp7NtA
0pWwt5vGNzezEhfAcc420Y,UC7C0JKhMViaCv7AUubtEMng
4fwuXg6XQHfdlOdmw36OHa,UCfnLDq6CLpb7miiQ5HtHvCA
4fwuXg6XQHfdlOdmw36OHa,UChH-6GIJi1gvcJVxUs4d4IQ
62DmErcU7dqZbJaDqwsqzR,UCYGHSw2kacL589nNX4l0fMg
0FEJqmeLRzsXj8hgcZaAyB,UCX4EBb-NmxyntI0mQAErHvQ
2KsP6tYLJlTBvSUxnwlVWa,UCTaevJgpY78By0ELxeJmQpA
2KsP6tYLJlTBvSUxnwlVWa,UCtNFd4yNZvk3ZnnK96zU13g
536BYVgOnRky0xjsPT96zl,UC21j22BUI19MJ6F8IrxnjJg
1l9d7B8W0IHy3LqWsxP2SH,UCoWQja39K17_g8IimjThyLw
1l9d7B8W0IHy3LqWsxP2SH,UCSE3pqd3sqRtIJiVlAUSy6g
1l9d7B8W0IHy3LqWsxP2SH,UCUslN5d3K5iQ7s65GNPrjQQ
6KZDXtSj0SzGOV705nNeh3,UCEzb3ViT0NJ3XhbPaiRM1Qg
6ynopZPMBXcIGBI9M02Un5,UCBRACb7pUXiGWwZvTE4UTFQ
2y1VzMKAa5nmfXKtJL9jnj,UC_4eB_KZZOL2Psc83KFawDA
1buzCmyYZE4kcdLRudsb8V,UCOucnfTR4K2b5q9oxC8PsLA
6PUZZX4GCzeFS0GaDWxVwz,UCMBXjVFU51CJ047U1Wp3JKQ
4LLpKhyESsyAXpc4laK94U,UC3SEvBYhullC-aaEmbEQflg
2YZyLoL8N0Wb9xBt1NhZWg,UCoYfzC2zMlc9M-Odgaf6OSg
2YZyLoL8N0Wb9xBt1NhZWg,UC3lBXcrKFnFAFkfVk5WuKcQ
3Nrfpe0tUJi4K4DXYWgMUX,UCiPNSjTu0sFVUUFfhPCdEsA
3Nrfpe0tUJi4K4DXYWgMUX,UCLkAepWjdylmXSltofFvsYQ
4AK6F7OLvEQ5QYCBNiQWHq,UCb2HGwORFBo94DmRx4oLzow
4AK6F7OLvEQ5QYCBNiQWHq,UCbW18JZRgko_mOGm5er8Yzg
6VuMaDnrHyPL1p4EHjYLi7,UCwppdrjsBPAZg5_cUwQjfMQ
7FNnA9vBm6EKceENgCGRMb,UCqjjyPUghDSSKFBABM_CXMw
2feDdbD5araYcm6JhFHHw7,UCGLzRVwflLiCoKKErrMfREg
2feDdbD5araYcm6JhFHHw7,UChEJTRbiCUULBRZuD9_77EA
4DdkRBBYG6Yk9Ka8tdJ9BW,UCLRm9H9a-2bAna0E-r5n8pg
5xYNmNkaWRqu3e5F4UXME8,UC1bZ17RdXYpjsgDKWxaYCYA
3MHaV05u0io8fQbZ2XPtlC,UCphlOJ8CqfyUi9ayZ2UZmfg
2oQX8QiMXOyuqbcZEFsZfm,UCEU5ZK7DwN9ppqPFJiGah3A
4jogXSSvlyMkODGSZ2wc2P,UC7r3fSrFc31cs9pJRNgGWiQ
1Qp56T7n950O3EGMsSl81D,UCAOiVaJJlH0Oduv48NN0mMA
5M9Bb4adKAgrOFOhc05Y50,UCf3L_9odIRo9G2L_-hsb7lg
0ZED1XzwlLHW4ZaG4lOT6m,UCDT8zjDg6zAczE-ISlgUpsQ
0ZED1XzwlLHW4ZaG4lOT6m,UCCDEgbQWtDiAAKY83IwFfRQ
3b8QkneNDz4JHKKKlLgYZg,UCRlwyGpIzfhZ6Rdj8mAVyEQ
0pcoadNMmvrUyab1RxWBoV,UCU06XOgERkQV7xCsrNLTf4Q
3rWZHrfrsPBxVy692yAIxF,UCgnKlNm0QJY_9LKJ4vHPspg
1snhtMLeb2DYoMOcVbb8iB,UCUCeZaZeJbEYAAzvMgrKOPQ
2SrSdSvpminqmStGELCSNd,UC7D-09kUG6Ei11SVO_deW_w
3HiuzBlSW7pGDXlSFMhO2g,UCuuWVW-KSu5eetL0Dlir-Rw
0my6Pg4I28dVcZLSpAkqhv,UC9kHcAu8pGPY7PyKOnK7pfg
1sVmXkzX2ukc6QvasrDBES,UCkxtHe1nqT9bnNxoY7baAxw
6nS5roXSAGhTGr34W6n7Et,UCTyZ4LCVRiCEVfkVqdi0m3A
6nS5roXSAGhTGr34W6n7Et,UCVEQWNjqi2vnxrfvpH58neg
55fhWPvDiMpLnE4ZzNXZyW,UCE93lBWxVD9W-bl7m2iFxlA
55fhWPvDiMpLnE4ZzNXZyW,UCoA_M5jHdV9_dJZMm9-Cr5A
5IcR3N7QB1j6KBL8eImZ8m,UCdEs7HUfdydw41YVFV5TMSg
5CCwRZC6euC8Odo6y9X8jr,UCfSAqqftdc7FM1SY5vJjKfA
4EzkuveR9pLvDVFNx6foYD,UCenAJLKHnIU9UKDp1FV9tTA
2gsggkzM5R49q6jpPvazou,UC4pEp0mo54WhEBCTYvjVDJA
5pVRwX5ZQR7hfJ18w8ZYkl,UCXK2490SNd8EOm84Es6USjw
4uFZsG1vXrPcvnZ4iSQyrx,UCnsbQM9ZgyCvYdHVRlRr8dg
7gP3bB2nilZXLfPHJhMdvc,UC-lkm1huv9jCUH28E7cKmew
7gP3bB2nilZXLfPHJhMdvc,UC6R1juCB5ArnJGMmUlEE_fg
2WBJQGf1bT1kxuoqziH5g4,UCdkMBTZmOXDh8nTSX1RdRkA
0XK6kT7xcZAlcYrNjOgzJe,UC4XDU9cYyVAkB5Uk7bHpEPw
7H55rcKCfwqkyDFH9wpKM6,UC2gMECGMn5TVbRN5S5tKb8Q
6lcwlkAjBPSKnFBZjjZFJs,UCKFGhhRzkJOpCy8RLje_kdg
1RBzGO6Nm3uyhUSxP7EDWO,UCJWHRrKVPuOz-aUrfkO1dpQ
1RBzGO6Nm3uyhUSxP7EDWO,UCM1Tu6npFLcFYtT5lDTDl7g
2TcGJdSOiOvITBzhvfX8XB,UC3qFgk2FWSSuFBnXjybFVmA
1fctva4kpRbg2k3v7kwRuS,UCgtDkLbESdzKgJT_oB9AVTw
1bqxdqvUtPWZri43cKHac8,UCQIRM93QxhQ4pGm0cxuCXDw
6k8mwkKJKKjBILo7ypBspl,UCymvelZbjUjICDsrWsZDFYw
6k8mwkKJKKjBILo7ypBspl,UCL2Z6dm0rDoV_er7y30TuRw
4tMm1dU6Gn04VAZ9ClHcIZ,UCcpi_902sSixmjOv8IodBjw
26T4yOaOoFJvUvxR87Y9HO,UCbertc-gMbkkHuSmg0qwnxw
3yiEJ9SByXZMXTwaKdVFN4,UCYfh0XUBN1dCniZSvNuBQfQ
053q0ukIDRgzwTr4vNSwab,UCRXaOr2-9CJTMqQH5A5GYZQ
1QhaqxeqF9sipS2gwbEKpu,UCp-_AjOrkH5Xq9Km8T7voMg
0xOeVMOz2fVg5BJY3N6akT,UC-w7D3GsJecTHA8Sjcyn6sQ
4utLUGcTvOJFr6aqIJtYWV,UCRdVg6Xj_Az9YOsqDzLRbtA
4WN5naL3ofxrVBgFpguzKo,UCY7sBX18GXc2O_9UvI4GeXQ
4XDi67ZENZcbfKnvMnTYsI,UCK5fO9Q2gitao0M5yQvPnvw
00FQb4jTyendYWaN8pK0wa,UCqk3CdGN_j8IR9z4uBbVPSg
1Xyo4u8uXC1ZmMpatF05PJ,UC0WP5P-ufpRfjbNrmOWwLBQ
1r4hJ1h58CWwUQe3MxPuau,UCFkoPRmuxqr37jvGmmpzhzQ
1r4hJ1h58CWwUQe3MxPuau,UClZuKq2m0Qu-HkopkSBLpEw
1r4hJ1h58CWwUQe3MxPuau,UCtKIuEMDzPlUmPgdwBhiGcg
2LRoIwlKmHjgvigdNGBHNo,UCoMlNw7o21I7LqL4OsjSYAg
2R21vXR83lH98kGeO99Y66,UC05eluGxsI8_xf5uRC-J26Q
2R21vXR83lH98kGeO99Y66,UCRI7hheejBbWS6etTNwMT0g
3t5xRXzsuZmMDkQzgOX35S,UCLVVBWrp9jw4-SYUoU42hcg
6JL8zeS1NmiOftqZTRgdTz,UCkXgEcpoTE4tHsebYBouWpA
13ubrt8QOOCPljQ2FL1Kca,UC0KAFLxIiaR_FFNYDL3utGw
73sIBHcqh3Z3NyqHKZ7FOL,UC20LoHy2mX0LQODrkUalxVQ
3jK9MiCrA42lLAdMGUZpwa,UCVMSK1i_uksa4FrXZZqGYvw
2cFrymmkijnjDg9SS92EPM,UCtAPxCyQaMxr61zBYFCqsFQ
14zUHaJZo1mnYtn6IBRaRP,UC2uoWlDCtn8QuAwqn3T46zw
74KM79TiuVKeVCqs8QtB0B,UCPKWE1H6xhxwPlqUlKgHb_w
2HPaUgqeutzr3jx5a9WyDV,UCz9f4llEeQyb5F2_p9CirYw
1z7b1Pr1rSlvWRzsW3HOrS,UCiIETTq2It3OzW8_WYRPTyQ
1z7b1Pr1rSlvWRzsW3HOrS,UCMC0rHAZ0KnayeGkSfRbVtg
540vIaP2JwjQb9dm3aArA4,UC_x8HoD18XJkILQBreVENUQ
540vIaP2JwjQb9dm3aArA4,UCGkSXL5saM8y3VvJD_PdMFQ
6oMuImdp5ZcFhWP0ESe6mG,UC9YcTIQuhwgoOQqYMKYqW9A
13ZEDW6vyBF12HYcZRr4EV,UC3M80864ZYUCW6sZS5zFB8g
3e7awlrlDSwF3iM0WBjGMp,UCIvqWqjC4aLvp7zI8hzARrA
41QLxRXlc2NwfJZkHGHKid,UCEseiqihkEymhN3AhcxBPxw
0Y6dVaC9DZtPNH4591M42W,UCakexY9Khc2vKLgrf29svzQ
1TtXnWcUs0FCkaZDPGYHdf,UC7i1scMCtNTreXnYs2Sr9Wg
3WGpXCj9YhhfX11TToZcXP,UCWcrr8Q9INGNp-PTCLTzc8Q
2iDVt6mFbtbDEZG5ax0dTi,UCRggxhdYIz0zSvUgJmCWMGg
6s22t5Y3prQHyaHWUN1R1C,UCQ5w3fSomzziZfO7neK7eAg
7EQ0qTo7fWT7DPxmxtSYEc,UC0q_PBWOkFe3SKllFXf3eWw
6MDME20pz9RveH9rEXvrOM,UCvhQPdeTHzIRneScV8MIocg
4QFG9KrGWEbr6hNA58CAqE,UColfxbsMdfxj8TxBK5Dpdiw
1anyVhU62p31KFi8MEzkbf,UCeXp3EC97_rUl_e2vgM3gLg
1GDbiv3spRmZ1XdM1jQbT7,UCu59H8LNti6mwvcGRMge5PA
0u6GtibW46tFX7koQ6uNJZ,UCa11JO6WBzyxUV4fOPczfFw
1dpqJqIuNqideTvmxBsSku,UCFWOCsO264XTkBYc3UCvnMA
4boI7bJtmB1L3b1cuL75Zr,UCn51E6eKnnLklWOcdFT3w5A
0GOx72r5AAEKRGQFn3xqXK,UCCB1Byx5yTbLpQaV-rlfmtA
1Yfe3ONJlioHys7jwHdfVm,UCqswLq9y07OU_NNQKaSyoBQ
7uMh23xWiuR7zsNkuNcm2G,UCYzfiDPZAom_IZIeUF0NvAQ
5dHt1vcEm9qb8fCyLcB3HL,UCsjrSi7xMkKPk4gcLSjFKbA
5dHt1vcEm9qb8fCyLcB3HL,UCU4dAZZU0iXC3U-EZ2v5ePg
6nxWCVXbOlEVRexSbLsTer,UCXAhoI7XO2kafTMjocm0jCg
25u4wHJWxCA9vO0CzxAbK7,UCs8ynQgjoKZblUXosXoeOEQ
4LXBc13z5EWsc5N32bLxfH,UCvuoyvO5ae3EpxQoLErgR2Q
2WX2uTcsvV5OnS0inACecP,UCk3NOb_PipJJwzMuaBhEfQg
5eioJDe26lOqkAMbuhzZYs,UCos2iUR8oZQunMq1E9NZCrg
3hBQ4zniNdQf1cqqo6hzuW,UCxPh2QJU5qTvOqxnOPTBskw
3fhMfkPPzksWuw0hEm4ldm,UCecp3o_aRtjY0plecJTWAvw
6sCbFbEjbYepqswM1vWjjs,UCKjrT7t9h6GsSkzhFe0ccDA
2mVVjNmdjXZZDvhgQWiakk,UCZGBua-dvwfSdcF9AskDIgw
2CmaKO2zEGJ1NWpS1yfVGz,UCy27yRGCANDSrvQWzh5VuNA
0bAsR2unSRpn6BQPEnNlZm,UCt9nXw6simdw_VUjsYrV2cw
5qa31A9HySw3T7MKWI9bGg,UCin7zH66ec9PCy3e-ykMpCg
1AgxgADPuRIW1wyaA4OKcB,UCeIr8YR7Almg2Bzoy1y1BAQ
4qIVPF0s71ZYW3qzhu5GkF,UCvKsiInVP35kXE0UVkIxYJw
5yG7ZAZafVaAlMTeBybKAL,UCGtjnDLpKGWKU6xtjB0NeKA
5yG7ZAZafVaAlMTeBybKAL,UCQ06Qg3tc4vGvvG3TY5scNg
4kYGAK2zu9EAomwj3hXkXy,UCA_T5TissmwfcQAdetNgL_A
0fiWOxhsBsQQvFDtxUQWo0,UCqIcU8Cj4PeAoPYDciLsmRw
6DIS6PRrLS3wbnZsf7vYic,UCQXfdqRai1lm0BQ6rI5wUVg
68kEuyFKyqrdQQLLsmiatm,UCDDx4lwzZk5uZBwTunBI2CA
68kEuyFKyqrdQQLLsmiatm,UCHgLVtyFHY0UFXHw0NkpCjg
4dwdTW1Lfiq0cM8nBAqIIz,UC-hZDis8Dbfk8FotKkOXyQQ
4dwdTW1Lfiq0cM8nBAqIIz,UCNqs2VoY5KXMeOm4wo5U2Lw
0E02VcvA5p1ndkLdqWD5JB,UCb47YKzUBctwVMQx6R9werQ
77SW9BnxLY8rJ0RciFqkHh,UCDAXusYwRJpiSP2CHnXnVnw
1bAftSH8umNcGZ0uyV7LMg,UCJUYcEdvnYFGajHBW0Nao3w
0Y5tJX1MQlPlqiwlOH1tJY,UCtxdfwb9wfkoGocVUAJ-Bmg
790FomKkXshlbRYZFtlgla,UCz9yS18zJGQObwUL_K-ICnw
790FomKkXshlbRYZFtlgla,UCZuPJZ2kGFdlbQu1qotZaHw
3Sz7ZnJQBIHsXLUSo0OQtM,UCqnMk5GA1spXDiHYFcPN-eA
1QAJqy2dA3ihHBFIHRphZj,UCqNxhPZoLJ81i5QaK4nqn8A
46pWGuE3dSwY3bMMXGBvVS,UCHGF6zfD2gwLuke95X3CKFQ
3mIj9lX2MWuHmhNCA7LSCW,UC_LfW1R3B0of9qOw1uI-QNQ
26VFTg2z8YR0cCuwLzESi2,UCOCgB3xd-B-1qAm-hR9OLrA
64M6ah0SkkRsnPGtGiRAbb,UC5-gWZXAQqSGVfPHkA7NRiQ
4IWBUUAFIplrNtaOHcJPRM,UC0TKhJIGrGVZmnEwKBRwfyA
4IWBUUAFIplrNtaOHcJPRM,UCnPjVVu__eOVZnAnjBiGhKA
4IWBUUAFIplrNtaOHcJPRM,UCV5Gw7GGOMxe6SSF6llp_3Q
3hcs9uc56yIGFCSy9leWe7,UCaxOQZrF5llUMp-JjesUz1A
3hcs9uc56yIGFCSy9leWe7,UCSWKNHx2g_yk9VlErHqJaMw
2txHhyCwHjUEpJjWrEyqyX,UCw82hVTqhUUGOQIrGcG8HIw
2uYWxilOVlUdk4oV9DvwqK,UC-GjYlrAWIHgwNDnbFHZ77g
2uYWxilOVlUdk4oV9DvwqK,UCqqY2nAz23oGDMNdiDzKdsA
69GGBxA162lTqCwzJG5jLp,UCq3Ci-h945sbEYXpVlw7rJg
23fqKkggKUBHNkbKtXEls4,UCCFJeI-2sT_cWgz-QJRgbCw
5Rl15oVamLq7FbSb0NNBNy,UC-vKwDHcbPLtjml81ohGRng
5Rl15oVamLq7FbSb0NNBNy,UClesqLjeKJd-dG8xLfzJyCQ
4yvcSjfu4PC0CYQyLy4wSq,UCJTs-KheOMNstaGrDL4K55Q
16oZKvXb6WkQlVAjwo2Wbg,UCB7P9Hr5BYB5Mkxau6t3Sgw
60d24wfXkVzDSfLS6hyCjZ,UC5H_KXkPbEsGs0tFt8R35mA
63yrD80RY3RNEM2YDpUpO8,UC2YnEq5Fc5_zEO6bo0oNzCQ
4obzFoKoKRHIphyHzJ35G3,UCgtNC51EUSgcZ6kKyVoPxKA
163tK9Wjr9P9DmM0AVK7lm,UCOxhwqKKlVq_NaD0LVffGuw
4EPJlUEBy49EX1wuFOvtjK,UCr6o7T_bNQPzHlRAtQz7EDw
1AL2GKpmRrKXkYIcASuRFa,UCciJLMuECsXuOyhA4FO48Sg
4NHQUGzhtTLFvgF5SZesLK,UC0sVahwZgKFHjOBaxvm-a7Q
4NHQUGzhtTLFvgF5SZesLK,UCN7gplqpfnrT-mxjoTR4ENg
1Xylc3o4UrD53lo9CvFvVg,UCjNRJBlxvvS0UXAT2Ack-QQ
4bw2Am3p9ji3mYsXNXtQcd,UCEFNzT2RoVqGkV4e3Osyx4A
1WgXqy2Dd70QQOU7Ay074N,UCNjHgaLpdy1IMNK57pYiKiQ
2P5sC9cVZDToPxyomzF1UH,UCGlFGuSXx33Ql9aGFf7ZdkQ
4sTQVOfp9vEMCemLw50sbu,UC0YlhwQabxkHb2nfRTzsTTA
6fxyWrfmjcbj5d12gXeiNV,UCiKxNv_MHAShqT2lATxG_Wg
3XxNRirzbjfLdDli06zMaB,UCUey8i1E-v0610gRpbN2PJw
6x2LnllRG5uGarZMsD4iO8,UCr7r9JorcxMDOC5ZQ_ZCs3w
5QdEbQJ3ylBnc3gsIASAT5,UCV0pIPt5HFfulonNog3cz1A
6L34dW6SKMSDaGIfYDU19j,UC8pflMI7DubRMqdqP768p4w
6LnJKrtFnTEGdbWQ2riWCL,UCs-ofxCnIFUW74vjTbdw5zg
4sbXXFzEWJY2zsZjelerjX,UC8HMvOLE0etpO_eVjJ98bHA
4MoAOfV4ROWofLG3a3hhBN,UCFdIF7wqu8s2A_TdOysgVmw
0I6yADrmeyvw66g7yjkqIF,UCFYMDSW-BzeYZKFSxROw3Rg
3utZ2yeQk0Z3BCOBWP7Vlu,UCz1mQ-4_wui83UfT3ylqmpw
3XHO7cRUPCLOr6jwp8vsx5,UCAMWWQQNQeD73DtiddfBrpg
3XHO7cRUPCLOr6jwp8vsx5,UCyzh4EnNuEO3Jk_mlXJCIag
4BxCuXFJrSWGi1KHcVqaU4,UCrhAHTR8NVmdyEmyY-YwCWg
21mKp7DqtSNHhCAU2ugvUw,UCW935N0msb0eDy4zQmxTwQg
0bdfiayQAKewqEvaU6rXCv,UCtGsfvj155zp8maBFng9hHg
0bdfiayQAKewqEvaU6rXCv,UCX_fIhJAag_NvUN7I1dwjBg
4nXOZlYoAD67hF9aUEncMY,UCjo7oMbNu181jPBs3_lZIJA
4nXOZlYoAD67hF9aUEncMY,UCtxM24XA-DA7YxrbZ_wHWCg
1MIVXf74SZHmTIp4V4paH4,UCL_VqyRUCOaWqY6MD3jfa8w
40LHVA5BTQp9RxHOQ9JPYj,UCPJFvbf8tNE9-_aYgeXfdKA
6veh5zbFpm31XsPdjBgPER,UCzliE133pF8KhDiNKnIJ_dA
4f9iBmdUOhQWeP7dcAn1pf,UCuRwdG_2dvII6VaJPppXqAw
3Fl1V19tmjt57oBdxXKAjJ,UCZwJNsS8DxGT8iTtOVbYUNg
34v5MVKeQnIo0CWYMbbrPf,UCXtn650vh9Dj7uz8cFac0AQ
1pPmIToKXyGdsCF6LmqLmI,UCJMV8UopU8SwChmbQrFuPTw
1pPmIToKXyGdsCF6LmqLmI,UCvTEOPrdg8f_mufsqH3VGQw
0NIIxcxNHmOoyBx03SfTCD,UC-W8ijF4CaFAwqNUpB__qPg
1i8SpTcr7yvPOmcqrbnVXY,UCjIA3wwhi0QjSOXAZwOXbPA
6TLwD7HPWuiOzvXEa3oCNe,UCHcb3FQivl6xCRcHC2zjdkQ
07YUOmWljBTXwIseAUd9TW,UCssFxr-IdIa-wpG3jUXYrmw
6fOMl44jA4Sp5b9PpYCkzz,UCoRR6OLuIZ2-5VxtnQIaN2w
7vk5e3vY1uw9plTHJAMwjN,UCJrOtniJ0-NWz37R30urifQ
0ErzCpIMyLcjPiwT4elrtZ,UCWICXNlSLc7eeNazpzUZcLg
2EMAnMvWE2eb56ToJVfCWs,UC7O6XpyxQ9AUoKE-S-ixq5Q
2FXC3k01G6Gw61bmprjgqS,UCwAam3W_VLfb6mEKPW2nDFg
56oDRnqbIiwx4mymNEv7dS,UCXVMHu5xDH1oOfUGvaLyjGg
20wkVLutqVOYrc0kxFs7rA,UCKJg5mkBn18dtRFWUy_v1mw
2cPqdH7XMvwaBJEVjheH8g,UC7fi3WLjvsa5U4LYLn1B56Q
0jdNdfi4vAuVi7a6cPDFBM,UCvlKNkQlyM1WFV9-ykQqDsg
5IH6FPUwQTxPSXurCrcIov,UCtWBCzqucZXq0M8jsqunM0g
10exVja0key0uqUkk6LJRT,UC5z8qUMf_wvFoqEprUIYZoQ
5rGrDvrLOV2VV8SCFVGWlj,UCBu_VutYjA-gq4rdr9QQMEQ
64aJYyrXljOodnUG6jvhRD,UCbIwCP1rIKc9Ioat4eGArGA
0KPX4Ucy9dk82uj4GpKesn,UCeSCejKJS0W4LTptFuBYU0g
2ysnwxxNtSgbb9t1m2Ur4j,UCMRHmbI7BHZX-Efo6bS3WFw
4bL2B6hmLlMWnUEZnorEtG,UCokCuzN9DdH7FAu7AlK0qYA
3CDoRporvSjdzTrm99a3gi,UCSCB1IQUmNa8Gn5VfSUAUpg
7CUFPNi1TU8RowpnFRSsZV,UCtHtVptJ7tDRvbZrTFDrf7A
7iZtZyCzp3LItcw1wtPI3D,UC9iDw30SeRSm18kT98F5iAA
7iZtZyCzp3LItcw1wtPI3D,UCweazuUMMKdL2wwSyrxla9A
45eNHdiiabvmbp4erw26rg,UCv0tIDoaBZCTXQvVO4zosng
3NPpFNZtSTHheNBaWC82rB,UCBv5tYsc0zm7RCum-umdIBA
3NPpFNZtSTHheNBaWC82rB,UCzzXsnHsEmGorQ6xAKL2sZA
2kRfqPViCqYdSGhYSM9R0Q,UC7zjjW_bvcVsPcBiqUPJf1w
2kRfqPViCqYdSGhYSM9R0Q,UCniqtXw3nZho_0HEO5IBqvg
2W8yFh0Ga6Yf3jiayVxwkE,UCSnSe-5ECm9qdw69tT86Jxg
2GoeZ0qOTt6kjsWW4eA6LS,UCzAn-hBNSTjX-QMnHASZFfA
1hzfo8twXdOegF3xireCYs,UCy-ez61m5LdG3FQVr-4Crcw
4ScCswdRlyA23odg9thgIO,UCRKNyJc9Bo1vbBO_67wyQEQ
5SulO4l40qDuV9zUGLZx7n,UCpzFPW_8KhW7M10biWXS5lg
7z5WFjZAIYejWy0NI5lv4T,UCx8v-goujcpBVF7QKALgp3g
00sCATpEvwH48ays7PlQFU,UCp8v5KixDUzI8z8crVCXj-g
6QrQ7OrISRYIfS5mtacaw2,UCjjKiLxvwShZjzhH-RiI6DA
027TpXKGwdXP7iwbjUSpV8,UCm54E8Hlf_z1GIpVUChBTQA
3MdXrJWsbVzdn6fe5JYkSQ,UCRQ6wJbGwbF9Wmvp5HfT7Pg
0jUQSUOcM7lxVn5eVGTkzQ,UCIqPLANV9W9Trwa2p4jFUvQ
0jUQSUOcM7lxVn5eVGTkzQ,UCmbzA2bP0GqrqekDDkRg-DQ
7b79bQFziJFedJb75k6hFt,UC3EFF6mAfJu2P3J9vyLk_Mg
2kucQ9jQwuD8jWdtR9Ef38,UCe9JQN67fXOpATmbLuR9Upw
2kucQ9jQwuD8jWdtR9Ef38,UCeO1KnglIIZ4IO5oLm9GM4A
3cjEqqelV9zb4BYE3qDQ4O,UCzCedBCSSltI1TFd3bKyN6g
6qgnBH6iDM91ipVXv28OMu,UCJwaqVwGHi73m-WQWK3QODw
0haZhu4fFKt0Ag94kZDiz2,UCxnuocYtHU8Sxo14SOOGveg
1l8Fu6IkuTP0U5QetQJ5Xt,UC09d82usokACH1z5YeKnfiA
7gAppWoH7pcYmphCVTXkzs,UCtGdOn3XSNWVK54P13jDoCg
15UsOTVnJzReFVN1VCnxy4,UCM9r1xn6s30OnlJWb-jc3Sw
5cj0lLjcoR7YOSnhnX0Po5,UCzpl23pGTHVYqvKsgY0A-_w
4O15NlyKLIASxsJ0PrXPfz,UCqwxMqUcL-XC3D9-fTP93Mg
7tYKF4w9nC0nq9CsPZTHyP,UCO5IQ70V7l-XpHW40HwaGsw
1VPmR4DJC1PlOtd0IADAO0,UCU5AbNuMPGB491GcqXuzwKw
4oUHIQIBe0LHzYfvXNW4QM,UCiQtJ9wVv8R-x7GKHzgZu8A
4oUHIQIBe0LHzYfvXNW4QM,UCzIyoPv6j1MAZpDHKLGP_eA
2kCcBybjl3SAtIcwdWpUe3,UC0gOw4iy-6HwO01q-gA1B0Q
7n2wHs1TKAczGzO7Dd2rGr,UC4-TgOSMJHn-LtY4zCzbQhw
7n2wHs1TKAczGzO7Dd2rGr,UCAvCL8hyXjSUHKEGuUPr1BA
718COspgdWOnwOFpJHRZHS,UCOSIXyYdT93OzpRnAuWaKjQ
77ziqFxp5gaInVrF2lj4ht,UCte53PewI8_jYpBYn071MqQ
3tlXnStJ1fFhdScmQeLpuG,UCtdVC7nSYNOpKroA5JicNig
46SHBwWsqBkxI7EeeBEQG7,UChEYVadfkMCfrKUi6qr3I1Q
1yR65psqiazQpeM79CcGh8,UCwfEOn0O1DWcyTgzVVu28ig
1U1el3k54VvEUzo3ybLPlM,UCQTuAezPu6MOpcIJ1Tz9dNA
1U1el3k54VvEUzo3ybLPlM,UCul9agDzTZxruNd9wEUWL7w
7cYEt1pqMgXJdq00hAwVpT,UCpvCJWgUNwZArGtJ00kDS1A
47mIJdHORyRerp4os813jD,UC2t5bjwHdUX4vM2g8TRDq5g
23TFHmajVfBtlRx5MXqgoz,UC9hYELPoCx2e0PFAH6fYoEA
3QSQFmccmX81fWCUSPTS7y,UCecgDbZRJ8GdmVgNCjuJu5g
6Te49r3A6f5BiIgBRxH7FH,UCXdHJabqwLJ3NvPfx6XmS5Q
1pQWsZQehhS4wavwh7Fnxd,UCZaF5bLUS5XRsXDCnH8jFeg
59jlthNnbmim5l9tmNA7se,UCULzCZWkkOb9dW8rr6dguQQ
7f5Zgnp2spUuuzKplmRkt7,UCdKS_mDSLUkS6vDK6u1mjOg
1zNqDE7qDGCsyzJwohVaoX,UCBL7ZxVX4GvW4CFiES_-0YA
1zNqQNIdeOUZHb8zbZRFMX,UCUJTvb20oc_15y3DRNvZlEA
0cGUm45nv7Z6M6qdXYQGTX,UCuE1A4MDBt8YkgUkRAKMtjw
2hejA1Dkf8v8R0koF44FvW,UCwEJBGLB1knx2pYESEvWDWg
35l9BRT7MXmM8bv2WDQiyB,UCOf6pX571cKC0rhOZqv2y7Q
1IueXOQyABrMOprrzwQJWN,UCgR3ohlFbKx6yjg2xz0CFOQ
00XhexlJEXQstHimpZN910,UCuVvjHUPjVsJraijv120D_A
1z4g3DjTBBZKhvAroFlhOM,UCk9GmdlDTBfgGRb7vXeRMoQ
3oSJ7TBVCWMDMiYjXNiCKE,UC2QTDn02Xobvy_N2bb_Zzlw
49tQo2QULno7gxHutgccqF,UCBoANX4oFfAyGPjMSUFYrfQ
7nDsS0l5ZAzMedVRKPP8F1,UCudD8EgOQpI_-2bR8hSeJaQ
43BxCL6t4c73BQnIJtry5v,UCkAmFYllx331zGshdN4xPng
4Q6nIcaBED8qUel8bBx6Cr,UCj95pmTj8-hClQPPc972VOw
4Ly0KABsxlx4fNj63zJTrF,UCGjFAOmZmFRi6gYz-fa-vPA
7cmuxPnXRJxwuYDHfbD8Eu,UCe1HjlqnaxERsqpw0ZnLXvA
3uL4UpqShC4p2x1dJutoRW,UCsyBVa0eTR-lL0sRnKpIe8w
5yPzzu25VzEk8qrGTLIrE1,UCQUsq24C0yX_ezzQYj2IjXw
56SjZARoEvag3RoKWIb16j,UCXjFirfrQa_02dBnHshjbzA
6RdcIWVKYYzNzjQRd3oyHS,UCCO4tWwbojSK1oz-p0eZZHQ
6cK3NBO6uP7hh0oyuVELFl,UC2FCUwThC0RAzaQoI0TtpLA
2ZRQcIgzPCVaT9XKhXZIzh,UCHorTItZofG0Bz2hbojyUpw
5p7f24Rk5HkUZsaS3BLG5F,UCWfytcGFwPSMwvP5HYuXGqw
6tPHARSq45lQ8BSALCfkFC,UCZkeQWzPCGeH707eRS6K6Hg
3zmfs9cQwzJl575W1ZYXeT,UCOzZL8Sd8V8yFGWqOHnVqFA
6PXS4YHDkKvl1wkIl4V8DL,UC_eQfAQjj6mYj92l3SBmIdg
3RqBeV12Tt7A8xH3zBDDUF,UCNZzXf_9Vl1zKUG7ozbHVjA
2y246nnP9pQT0E6v3ZMMOO,UCjwf9oA4C9Yzxcg4vjI5GDg
2q3GG88dVwuQPF4FmySr9I,UCqzGLavT7stfyWMAfCXW-CA
2q3GG88dVwuQPF4FmySr9I,UCshSNKemgKKa7o0nBH84eyw
4AKwRarlmsUlLjIwt38NLw,UCvHO0zC7igslo1uivYGOFmA
1ybINI1qPiFbwDXamRtwxD,UCMrca1Ll0-Uya6vLP5SECag
6C1ohJrd5VydigQtaGy5Wa,UCUebubwSuTHfHjWJI4gCS9A
5JMLG56F1X5mFmWNmS0iAp,UCL7hBIFFV1RAkmyvoXdyzjg
0rZRTXEmmPmx6gt92tBqIc,UCnOafy_XCtpz_EpLqVkgunQ
3QVolfxko2UyCOtexhVTli,UCiP2tOO8zRo47GFd5rc8rkA
6t1gpxYbY8OlLA7D2RiikQ,UCpRpruBDrNc2PV5zvFEE4TQ
3Uobr6LgQpBbk6k4QGAb3V,UCgN1463ngpGdCpAbCBGFteg
0ZUvK7zGdXLd78mQr3t1Tw,UC-kxyQBIYy54AMGa31iYJaQ
37mqXU98U5GmH5ZDtlHM1c,UCcyCMFgcMxg29w97wXqYAXA
246dkjvS1zLTtiykXe5h60,UCeLHszkByNZtPKcaVXOCOQQ
6M2wZ9GZgrQXHCFfjv46we,UC-J-KZfRV8c13fOCkhXdLiQ
4q3ewBCX7sLwd24euuV69X,UCmBA_wu8xGg1OfOkfW13Q0Q
1mcTU81TzQhprhouKaTkpq,UC_Av98lDjf5KvFib5elhpYg
7iK8PXO48WeuP03g8YR51W,UCLk8IJ1TwI7Xl7UUfAD8xPQ
64KEffDW9EtZ1y2vBYgq8T,UCEdvpU2pFRCVqU6yIPyTpMQ
41MozSoPIsD1dJM0CLPjZF,UCOmHUn--16B90oW2L6FRR3A
5C4PDR4LnhZTbVnKWXuDKD,UCvQwfdlOR55OO82gFWJCnWQ
5XJDexmWFLWOkjOEjOVX3e,UC0_95MpNlRz9x7JmsXBClZA
31W5EY0aAly4Qieq6OFu6I,UCfgsFOdVScKetBXYrFNr5LQ
2IMZYfNi21MGqxopj9fWx8,UCzmZtDoRh0zRTTuxiw3zJZg
4nDoRrQiYLoBzwC5BhVJzF,UCk0wwaFCIkxwSfi6gpRqQUw
4nDoRrQiYLoBzwC5BhVJzF,UCdbL6JNiGDK7WvCE3Ac7yvw
4nDoRrQiYLoBzwC5BhVJzF,UCio_FVgKVgqcHrRiXDpnqbw
5KKpBU5eC2tJDzf0wmlRp2,UCw5z_dopYnvEL6Rc8KNKsnw
4kYSro6naA4h99UJvo89HB,UCxMAbVFmxKUVGAll0WVGpFw
2LIk90788K0zvyj2JJVwkJ,UC6vZl7Qj7JglLDmN_7Or-ZQ
6icQOAFXDZKsumw3YXyusw,UCNTu7P3IyRRKJtibrrXG0Yg
1r1uxoy19fzMxunt3ONAkG,UCh4PO1W9tVmHujIPZnfK8TQ
7nqOGRxlXj7N2JYbgNEjYH,UC0gpUnoyhu44aS3-NxYs7rg
6U3ybJ9UHNKEdsH7ktGBZ7,UC3WIRbOw46MsbycRc1N5x4g
5H1nN1SzW0qNeUEZvuXjAj,UC8OjoQHmGd7fDWluxKlQGdg
1tqysapcCh1lWEAc9dIFpa,UCzqQvVAkCEFrWI2VOPzFpeg
2UwqpfQtNuhBwviIC0f2ie,UCxsYR3_7CKZeRfdJpqGxmdw
5JZ7CnR6gTvEMKX4g70Amv,UCfLdIEPs1tYj4ieEdJnyNyw
6w9ToX5slZ4uIdmD17hJ3c,UCTHTB1_BGcac49N3527qQ9Q
3tJoFztHeIJkJWMrx0td2f,UCrdPrDuDCbG8xayk5QkRLQA
4IVAbR2w4JJNJDDRFP3E83,UCYRLqThkOVjysBOM6fgkqmQ
4IVAbR2w4JJNJDDRFP3E83,UCZCtgYHcNe944o9cca11Y9g
6DgP9otnZw5z6daOntINxp,UCr-yZBBIzqOkcHjmAF7YR7A
5KNNVgR6LBIABRIomyCwKJ,UCTujaKfo0jMXXhjvRtB6yYQ
2wUjUUtkb5lvLKcGKsKqsR,UC1EwyHfJHEKnA7kKfcGhlIw
2wUjUUtkb5lvLKcGKsKqsR,UCSZBmDk4v3ozB3kfB2oyUEA
2WzaAvm2bBCf4pEhyuDgCY,UCeS41kdYfgz5L2LmtW_Yaog
2WzaAvm2bBCf4pEhyuDgCY,UCXc-hFBjZWFtwrIK91vHB8A
3NH8t45zOTqzlZgBvZRjvB,UCtBjt766LG9EDVKZx4Q4IHw
7rkW85dBwwrJtlHRDkJDAC,UCuI48V3qSHZvZimYgFNJYJg
2hR4h1Cao2ueuI7Cx9c7V8,UCpLqtJdfhVv58cPFhRzWJlg
3KedxarmBCyFBevnqQHy3P,UCSHatw5t9xkBrFsCssXgMNw
5Vo1hnCRmCM6M4thZCInCj,UC3vg17IZ1IV73xx069jG44w
1HBjj22wzbscIZ9sEb5dyf,UCBIzPk0lne1w22jZR3LA36g
3gIRvgZssIb9aiirIg0nI3,UCNwwzAlMbHAJUNoJe0h3nBw
6AyATGg7mDgBlZ4N5uNog0,UC1Qq0TRax_pgbnunNdQ_BpQ
3qnGvpP8Yth1AqSBMqON5x,UCQr1Q3uFt1K7KhMkDxa9q2w
5SHxzwjek1Pipl1Yk11UHv,UCjtK2di7aJovtPXe1m42ylA
5SHxzwjek1Pipl1Yk11UHv,UCrOSVtSo9zDfyVcBAlHqW9g
57WHJIHrjOE3iAxpihhMnp,UCBSxVE6JoMg0WXvpm47OS3g
5g63iWaMJ2UrkZMkCC8dMi,UC52dqAdIvOPYQ-SXabptBBQ
7DMveApC7UnC2NPfPvlHSU,UChCWmgEgUXwS5QEZZ-iWN-Q
57DlMWmbVIf2ssJ8QBpBau,UC-KrlyqF3j82_BQgRU22G-g
21WS9wngs9AqFckK7yYJPM,UC52OnlZcHd_ajoTiqcskrvg
0H39MdGGX6dbnnQPt6NQkZ,UCxmkHW42679-8rLTAsRyIgA
4xnihxcoXWK3UqryOSnbw5,UCZ2nKwA5u9zhtF9LfCjXJ9g
6P5NO5hzJbuOqSdyPB7SJM,UCYx21h__0wVW2wBWX7sQP1A
4WZGDpNwrC0vNQyl9QzF7d,UCeJIbOka3ZF8TSWT_-kHmSA
6qqNVTkY8uBg9cP3Jd7DAH,UCiGm_E4ZwYSHV3bcW1pnSeQ
3MZsBdqDrRTJihTHQrO6Dq,UCFl7yKfcRcFmIUbKeCA-SJQ
7ltDVBr6mKbRvohxheJ9h1,UCQt9awGIFZeldFsATZNeJag
5H4yInM5zmHqpKIoMNAx4r,UCV_CsAy5CNBX_uwDQ7RMe1Q
0tmwSHipWxN12fsoLcFU3B,UC5Jn-9jqrVvKm9Hx0WW8Pgw
1McMsnEElThX1knmY4oliG,UCy3zgWom-5AGypGX_FVTKpg
6Xgp2XMz1fhVYe7i6yNAax,UCstw-41J8syXgdJ8xWvaizA
7wlFDEWiM5OoIAt8RSli8b,UClW4jraMKz6Qj69lJf-tODA
4r63FhuTkUYltbVAg5TQnk,UC2CCXzC56k0b8L49R_iW-Yw
0XwVARXT135rw8lyw1EeWP,UCtqOng3GVhQVu1Gl-3UlyAQ
4Uc8Dsxct0oMqx0P6i60ea,UCUKxvWVo8lmRXkbTOkqUhGg
12Zk1DFhCbHY6v3xep2ZjI,UC_S_Dho26-L_V5B-gKirM-g
7vXDAI8JwjW531ouMGbfcp,UCJusEPcWIH9EyYSCqGP-1ew
1WQBwwssN6r8DSjUlkyUGW,UCjhZqfzCp1aDE0GeugC0GXw
4PULA4EFzYTrxYvOVlwpiQ,UC9ChdqQRCaZmTCwSJ49tcbw
7pbDxGE6nQSZVfiFdq9lOL,UC7Yqsq07_fdXg23hLRODh-w
67MNhiAICFY6Pwc2YxCO0K,UCbNNpH4gB4Nu-imqMDysWiw
6ydoSd3N2mwgwBHtF6K7eX,UCTY6fxtqkF_dtGanIhZHHVg
2K5nCggbhSZ00YCYP5qkZS,UC4G1i2ZO5z6p5vBGcHM6PaQ
5ZsFI1h6hIdQRw2ti0hz81,UC3PdiRW5dUA4V70ueeR1eHA
5ZsFI1h6hIdQRw2ti0hz81,UCy5FUarBYUHFpPtYVuvzgcA
1Ts9of7VPZElwPQnqnDSfW,UCYyJrv9oD6zPSuJavR0fIVQ
60XHOAhvEBiV6BGBOv8ClM,UCHvREaNyNz2htu-DDoKYG8Q
1Hsdzj7Dlq2I7tHP7501T4,UCPrwhIldj47n8JcqZ4Y_WFQ
1Hsdzj7Dlq2I7tHP7501T4,UCQcTX6rX7JhUpHg_T3STtoQ
6Ip8FS7vWT1uKkJSweANQK,UC5-cg5RahETrjGu-r8zjYCQ
3l0CmX0FuQjFxr8SK7Vqag,UCa-iCk5rSuWnAb_VT9Hzs3w
2rhFzFmezpnW82MNqEKVry,UCdARoxad2UaIQPDy6fbz4Nw
3RtNN1VnooWEn3KQk03DUL,UCLDAM_6WwevNIPHz7IalMLw
1gBUSTR3TyDdTVFIaQnc02,UCXURHJRGr4-EB3l87kcbElw
3z97WMRi731dCvKklIf2X6,UCBefBxNTPoNCQBU_Lta6Nvg
41X1TR6hrK8Q2ZCpp2EqCz,UCC8FSfSnbjiZ6vGr68ZLtzg
6USv9qhCn6zfxlBQIYJ9qs,UCcwcJT8pVnq5MIDuNfca38Q
7IlRNXHjoOCgEAWN5qYksg,UC-69vhXlCa3XHbF8JHCQHfg
048LktY5zMnakWq7PTtFrz,UC7l7-ClAn4QZlA_Qq5sTIdw
2YOYua8FpudSEiB9s88IgQ,UCLQPinZNWKlLBF7C_m2YP3g
4GvEc3ANtPPjt1ZJllr5Zl,UCKI6DNZu8-X5VWI0FEEYCTA
0GgY7hjMoGDsX8ZDe2mwds,UCz6JjQtnK9XjMwKuqlEkRxw
7f4ignuCJhLXfZ9giKT7rH,UCk2E0dbAyEJWnrN2bbQOcbg
5sWHDYs0csV6RS48xBl0tH,UCdeVgjrK9a0X04F8tD7W6UQ
1CoZyIx7UvdxT5c8UkMzHd,UCHA6dVPvxRdLQ5Uu-uX3MLw
1CoZyIx7UvdxT5c8UkMzHd,UCSFBNlkwFf7ZQO6sTk9Q-lw
4DAcJXcjX0zlQAZAPAx4Zb,UCD2HT__OY6xzj-YbnAXJhfA
716NhGYqD1jl2wI1Qkgq36,UCmS75G-98QihSusY7NfCZtw
6KImCVD70vtIoJWnq6nGn3,UCbOCbp5gXL8jigIBZLqMPrw
6KImCVD70vtIoJWnq6nGn3,UCZFWPqqPkFlNwIxcpsLOwew
5f7VJjfbwm532GiveGC0ZK,UCVS88tG_NYgxF6Udnx2815Q
0lAWpj5szCSwM4rUMHYmrr,UCgQna2EqpzqzfBjlSmzT72w
2dIgFjalVxs4ThymZ67YCE,UC9rMiEjNaCSsebs31MRDCRA
2dIgFjalVxs4ThymZ67YCE,UCXhj2pPWvONXmvgHX5wllCA
0Q8NcsJwoCbZOHHW63su5S,UCv0Gdfwyin6w3vbpZnEpmrQ
0ys2OFYzWYB5hRDLCsBqxt,UCFLI6KAjrKRtydD7KqiYvAw
4GNC7GD6oZMSxPGyXy4MNB,UCveFkLdSOUsGwMJEgedO9dQ
4npEfmQ6YuiwW1GpUmaq3F,UCOwgc8DswjoBMuuUU2ScPvQ
3qiHUAX7zY4Qnjx8TNUzVx,UCV4UK9LNNLViFP4qZA_Wmfw
3Xt3RrJMFv5SZkCfUE8C1J,UChAjsnxIhU-3WZ8aSxE650A
6nVcHLIgY5pE2YCl8ubca1,UCvpEyEBML6z-PJJ9XrqgpKQ
757aE44tKEUQEqRuT6GnEB,UChQdA1rid5kKZh6oIc6DLNg
45dkTj5sMRSjrmBSBeiHym,UCQh6LB206jF3JxpCDD-fp5Q
3vQ0GE3mI0dAaxIMYe5g7z,UCzI7wZyqk7jpXWT_MILjepw
45TgXXqMDdF8BkjA83OM7z,UCenjunBhBhvKjfDAESnoppw
0JjPiLQNgAFaEkwoy56B1C,UCjUOSfBPBQxjbWh1uqLvmdA
7eLcDZDYHXZCebtQmVFL25,UCI505QHIvSgj8lbHY7ygE1A
7eLcDZDYHXZCebtQmVFL25,UCiyM_1dA6WkZYCuw4cwS7BA
7eLcDZDYHXZCebtQmVFL25,UCtakZatUqY-XaihWfMnz07w
6EPlBSH2RSiettczlz7ihV,UCch8r_8Io6XK-d5QGkkGZLA
7o2ZQYM7nTsaVdkXY38UAA,UCcOIv_VJ7JXC35vg0fG5dUA
2qWK8K2Jfh67UqtwY8tCW6,UC6ZqzTu-T77_yp1TCIIy93g
6QtgPSJPSzcnn7dPZ4VINp,UC47kJWRBD-NREBvmBg5kWeA
4PzYKhC14sTJNEr0dzoo0d,UCnJoUTYXU142gxoyDzp-KRQ
2RQXRUsr4IW1f3mKyKsy4B,UCXY5pi3MbsaP1WEgClmglsA
3pc0bOVB5whxmD50W79wwO,UCX40ZEqeYqCXyiAzrSUiPOg
4m6ubhNsdwF4psNf3R8kwR,UCLbGdCqw-hfCrWlqRwOM2-Q
0RESbWvOMyua0yuyVrztJ5,UCwd1Np7iEDPBHIKo4evtZtA
2x7PC78TmgqpEIjaGAZ0Oz,UCR8xLrhLmZoMirYnjj4zEWg
5FxD8fkQZ6KcsSYupDVoSO,UCiVLSJ2MpNteP1oLYfu0VTw
2kxP07DLgs4xlWz8YHlvfh,UCaAWRu53UW815hGTmxvHFbA
5YCc6xS5Gpj3EkaYGdjyNK,UCzY1-NKVNDA4UpE4MmTq0eg
1cNDP5yjU5vjeR8qMf4grg,UCelvBrvTHaZL_V6WuMkJDxQ
1vqR17Iv8VFdzure1TAXEq,UCExVswmCLmkkoBkjBp3Ta9Q
5IbEL2xjRtKsunfmsahLuO,UCNUL2JzmNpQJV4avV9AdjeA
6w3SkAHYPsQ1bxV7VDlG5y,UCM8F3UFEs95v8nil07Qd80Q
7gU9VyFRN3JWPJ5oHOil60,UCsIri75NOR8eQs8DhmAmyUw
77kULmXAQ6vWer7IIHdGzI,UCLEhUvVUBhH8Q9Mx6Bz3BQA
7gZfnEnfiaHzxARJ2LeXrf,UCF6jRAgCbSanHolKt0Vt6Qw
45gHcnDnMC15sgx3VL7ROG,UChFLDvWugOtrzxmUCAjfnGg
4MCBfE4596Uoi2O4DtmEMz,UC0BletW9phE4xHFM44q4qKA
6AgTAQt8XS6jRWi4sX7w49,UC0ifXd2AVf1LMYbqwB5GH4g
2tIP7SsRs7vjIcLrU85W8J,UC6G2vAJrt407lwiynW116Eg
7jVv8c5Fj3E9VhNjxT4snq,UC_uMv3bNXwapHl8Dzf2p01Q
1DxLCyH42yaHKGK3cl5bvG,UCEcb76oxfjpX5eGysQCHvcA
0elWFr7TW8piilVRYJUe4P,UCW2_ESwKrYgSjqQjrR09n0g
164Uj4eKjl6zTBKfJLFKKK,UCSOfUqPoqpp5aWDDnAyv94g
6jGMq4yGs7aQzuGsMgVgZR,UCEB4a5o_6KfjxHwNMnmj54Q
57LYzLEk2LcFghVwuWbcuS,UC4NBMVsQp6QvIjzUeaqX3ZA
57LYzLEk2LcFghVwuWbcuS,UCSpNS4dJ8wIScwMqatIdiQw
5SXuuuRpukkTvsLuUknva1,UCq0Hi7HpCBCNeKpdKKcQqGQ
4fxd5Ee7UefO4CUXgwJ7IP,UCkIgbcsXIHz0DW2lqRh4M0g
5Y3MV9DZ0d87NnVm56qSY1,UCMebXsaxWdvBzBNwus7TmxA
27LlKWxS3KXW7RRAxN5S8s,UCDLCva90XHHi_G4pIArPbDg
4Ga1P7PMIsmqEZqhYZQgDo,UCOlxqtcKc-HBEQJgDsylyhA
6OBGbSaBUvQtk9wpQfDbOE,UCY0rTeH6Y3d9rh2D5ta6Jbw
3uwAm6vQy7kWPS2bciKWx9,UCwlHDQ83jgF1crd6XXzSmIA
2AfmfGFbe0A0WsTYm0SDTx,UCritGVo7pLJLUS8wEu32vow
687cZJR45JO7jhk1LHIbgq,UCWfi5ELXGAe-DCA6cOP3aNw
6ASri4ePR7RlsvIQgWPJpS,UCtpzjafUx5qbmxJdqm4-qmg
1qQLhymHXFPtP5U8KNKsm6,UCFRyPXsG8gPvhxLE_ooOsWw
6fWVd57NKTalqvmjRd2t8Z,UCR-eqHJMez-6oFJklTIqJ5Q
31VFEohvhOUKrtAONEBhMG,UCgDeSlu4pNSRrv87ScB0VaQ
31VFEohvhOUKrtAONEBhMG,UCSEY-xdBrV-J1zpLg9-mr6w
68KmkJeZGfwe1OUaivBa2L,UC2e4Ukj5Pfr7cb3KpJAFBdQ
6AMd49uBDJfhf30Ak2QR5s,UCiHc6oRZnXXZHZlaxbNkfQg
67IN4cLJ7798gUapyZlmac,UCkOcpvTzdGIygSbNGdaNdSg
40ZNYROS4zLfyyBSs2PGe2,UCwK3C8Vgphad4PweezfUBAQ
0eDvMgVFoNV3TpwtrVCoTj,UCSaPKJpNd-Mkm6hhelIYSlQ
12GqGscKJx3aE4t07u7eVZ,UCzrM_068Odho89mTRrrxqbA
2UZIAOlrnyZmyzt1nuXr9y,UCEMoAW9Qk0HrZqLxV5BFhDw
0ghlgldX5Dd6720Q3qFyQB,UCdeb5b3bAxn1OXXFFeuCaHg
0ghlgldX5Dd6720Q3qFyQB,UCtiObj3CsEAdNU6ZPWDsddQ
4oLeXFyACqeem2VImYeBFe,UCXF6DMVLIVRr2OQAqyfEGeg
6LEG9Ld1aLImEFEVHdWNSB,UChSPGjuZIGVGU9CwVj_q5sw
64tJ2EAv1R6UaZqc4iOCyj,UCvpredjG93ifbCP1Y77JyFA
1TA5sGRlKUJXBN4ZyJuDIX,UCb164jMdHd94O34bASFbI3Q
6mEQK9m2krja6X1cfsAjfl,UCln9P4Qm3-EAY4aiEPmRwEA
2KC9Qb60EaY0kW4eH68vr3,UCDhM2k2Cua-JdobAh5moMFg
2KC9Qb60EaY0kW4eH68vr3,UCJsfO4nKS3_c24zLbF8rT0A
4az97MtWmBQ5Db3GfDh9j9,UCtAhIlz3P9mzJ0jWxaZ8RYA
51DevdOxIJin6DB1FXJpD1,UCkR3NHAn6o0nX8get3NEKBw
5gqmbbfjcikQBzPB5Hv13I,UCn2DAE87nJp01zbFmUI8V5A
2IUl3m1H1EQ7QfNbNWvgru,UC1FQWQ3y3-e8l1pCtWhJt5A
0V2oXYR7DtrZAEFeILRW2r,UC4KXKrDVE-WlIcBO0w0LQtg
6SXTTUJxIVwMbc1POrviTr,UCbCmjCuTUZos6Inko4u57UQ
52iwsT98xCoGgiGntTiR7K,UCYEmGiiM21tGuCEtDJTfP1w
5XKFrudbV4IiuE5WuTPRmT,UCkT9AFJN7QIzApwhT825V7A
0xRXCcSX89eobfrshSVdyu,UC65kzmQBQ-hdEIS5THSOUtA
4yxLYO2imECxGYTTV7RQKb,UCoF0GMwxc5Lg0s08LNgwiQg
6PH3FLQAxtqYy46Zv08bpV,UCHuClD7xaYq8LYN9FbX2VLQ
6bDWAcdtVR3WHz2xtiIPUi,UCNIy6zQyP7SuLEIaiwymfUA
5t5FqBwTcgKTaWmfEbwQY9,UCArLZtok93cO5R9RI4_Y5Jw
0XFgyr4jwM0MGeZZW0VzA5,UCJWUQibZ1DnBb4r4pCCmpGA
7qmpXeNz2ojlMl2EEfkeLs,UChofQzs5eedlpnVIbAhxNJw
2CKOmarVWvWqkNWUatHCex,UCRD1ypvmK7e_05Rtu9zHOfQ
46xBNx0j6cwY6sD9LgMTm1,UCw5J0_EUnV5iXKVMUGHsQ0A
78rUTD7y6Cy67W1RVzYs7t,UCufuq24Cef6-CdmEiZmXTBg
1Cd373x8qzC7SNUg5IToqp,UCA3PLfFMuT963D-qGVjAFaw
5r3wPya2PpeTTsXsGhQU8O,UCDoxhZGShhNvN4Bc3nWZptg
6RHTUrRF63xao58xh9FXYJ,UC-Fnix71vRP64WXeo0ikd0Q
2rEVnwCPBeGkWMv425KoG1,UC6UgW81ZIBBT1_4P3EItnmw
6HvZYsbFfjnjFrWF950C9d,UCMki_UkHb4qSc0qyEcOHHJw
4SpbR6yFEvexJuaBpgAU5p,UCs-QBT4qkj_YiQw1ZntDO3g
